,Feature
0,ACC
1,ALL
2,BLCA
3,BRCA
4,CESC
5,CLL
6,COREAD
7,DLBC
8,ESCA
9,GBM
10,HNSC
11,KIRC
12,LAML
13,LCML
14,LGG
15,LIHC
16,LUAD
17,LUSC
18,MB
19,MESO
20,MM
21,NB
22,OV
23,PAAD
24,PRAD
25,SCLC
26,SKCM
27,STAD
28,THCA
29,UCEC
30,UNCLASSIFIED
31,mol1 mol2 mol1 mol1 mol2 mol2 mol1 mol2
32,mol1 mol6 mol1 mol1 mol6
33,mol2 mol2 mol1 mol2 mol6 mol1 mol1 mol1
34,mol1 mol6 mol1 mol2 mol1 mol2
35,mol1 mol1 mol1 mol7 mol4 mol6 mol1 mol1
36,mol1 mol1 mol1 mol2 mol1 mol6 mol6 mol1
37,mol1 mol1 mol5 mol2 mol2 mol6
38,mol2 mol2 mol2 mol8 mol2 mol2 mol2
39,mol1 mol4 mol1 mol2 mol1 mol6
40,mol1 mol1 mol1 mol3 mol1 mol1 mol2 mol6
41,mol1 mol2 mol1 mol6 mol1 mol1 mol6
42,mol1 mol6 mol6 mol1
43,mol1 mol1 mol4 mol4
44,mol2 mol2 mol1 mol2 mol6
45,mol1 mol6 mol1 mol2 mol2 mol1 mol1
46,mol1 mol7 mol4 mol6 mol1 mol1
47,mol6 mol6 mol1 mol2 mol1 mol2 mol2
48,mol5 mol1 mol1 mol6 mol6 mol1 mol1
49,mol6 mol6 mol2 mol1
50,mol1 mol4 mol4 mol6
51,mol1 mol2 mol1 mol2 mol6
52,mol1 mol6 mol1 mol1 mol6 mol1 mol1 mol6
53,mol1 mol1 mol1 mol1 mol4 mol1 mol1
54,mol2 mol6 mol4
55,mol2 mol1 mol1 mol6 mol1 mol6
56,mol1 mol1 mol6 mol2 mol1 mol2 mol6
57,mol8 mol2 mol2 mol1
58,mol1 mol2 mol2 mol6 mol2
59,mol1 mol1 mol1 mol5 mol5 mol1 mol1
60,mol2 mol1 mol2 mol2 mol1 mol1 mol1
61,mol1 mol6 mol2 mol2 mol1 mol1 mol1
62,mol1 mol2 mol1 mol6 mol1 mol2 mol1 mol6
63,mol1 mol5 mol1 mol2 mol1 mol1
64,mol1 mol2 mol1 mol2 mol1 mol1 mol2 mol6
65,mol6 mol1 mol1 mol1 mol1 mol4 mol4 mol4
66,mol1 mol1 mol1 mol1 mol1 mol4 mol4 mol6
67,mol5 mol1 mol1 mol6 mol6
68,mol1 mol6 mol1 mol1 mol6 mol1 mol2 mol1
69,mol1 mol6 mol1 mol6 mol6 mol1
70,mol2 mol1 mol1 mol1 mol6 mol1 mol1 mol1
71,mol6 mol1 mol6 mol5
72,mol1 mol1 mol6 mol1 mol1 mol6 mol6 mol1
73,mol6 mol6 mol1 mol1 mol1
74,mol1 mol1 mol6 mol1 mol1 mol1 mol2 mol6
75,mol1 mol5 mol2 mol2 mol1 mol1 mol1
76,mol1 mol4 mol4 mol1 mol2 mol6
77,mol1 mol1 mol1 mol1 mol7 mol4 mol6 mol1
78,mol1 mol1 mol1 mol2 mol1 mol2 mol1 mol1
79,mol3 mol1 mol1
80,mol1 mol2 mol1 mol6 mol1 mol6 mol1 mol1
81,mol5 mol2 mol2 mol1 mol1 mol1 mol1
82,mol6 mol2 mol1 mol1 mol1
83,mol4 mol1 mol1 mol1 mol1 mol1
84,mol2 mol2 mol2 mol8 mol2 mol2
85,mol2 mol2 mol6 mol1 mol1 mol6 mol1
86,mol1 mol1 mol2 mol2
87,mol2 mol1 mol1 mol1 mol1 mol5 mol2
88,mol1 mol1 mol1 mol1 mol2 mol2 mol2 mol6
89,mol1 mol1 mol2 mol6 mol2 mol1
90,mol1 mol7 mol4 mol1 mol2 mol6 mol1
91,mol1 mol6 mol6 mol1 mol1 mol4
92,mol1 mol1 mol6 mol1 mol1 mol1 mol6
93,mol1 mol1 mol1 mol1 mol1 mol4 mol2
94,mol1 mol1 mol1 mol2 mol2 mol2 mol2
95,mol1 mol1 mol6 mol1 mol1 mol5 mol1
96,mol6 mol6 mol1 mol1 mol1 mol5 mol1 mol1
97,mol1 mol1 mol1 mol4 mol4 mol4 mol4 mol4
98,mol1 mol1 mol1 mol2 mol1 mol2 mol3
99,mol2 mol1 mol2 mol6 mol1 mol1
100,mol5 mol1 mol6 mol6
101,mol6 mol1 mol1 mol2 mol6 mol1 mol1 mol2
102,mol1 mol2 mol6 mol2 mol1 mol1 mol1
103,mol1 mol1 mol6 mol6 mol1 mol1
104,mol1 mol1 mol1 mol6 mol1 mol1 mol4 mol1
105,mol1 mol1 mol2 mol8 mol2 mol2 mol2 mol8
106,mol6 mol1 mol2 mol1 mol6
107,mol1 mol6 mol1 mol1 mol2 mol8
108,mol2 mol2 mol1 mol2 mol6 mol1 mol1
109,mol1 mol6 mol1 mol6 mol2 mol2
110,mol1 mol2 mol1 mol1 mol1 mol1 mol1 mol1
111,mol2 mol1 mol2 mol1 mol6 mol1 mol6 mol1
112,mol2 mol6 mol1 mol1 mol1
113,mol6 mol5 mol2 mol2 mol1
114,mol1 mol1 mol6 mol8 mol2 mol2 mol1
115,mol6 mol1 mol6 mol1 mol1 mol6 mol1
116,mol1 mol6 mol1 mol1 mol5 mol2 mol2
117,mol1 mol2 mol1 mol6 mol1 mol2 mol6 mol1
118,mol1 mol2 mol1 mol2 mol1 mol6
119,mol8 mol2 mol2 mol2 mol8 mol2 mol2 mol2
120,mol1 mol1 mol1 mol5 mol2 mol2 mol6
121,mol2 mol1 mol1 mol6 mol1 mol6 mol1 mol6
122,mol1 mol4 mol1 mol2 mol6
123,mol4 mol6 mol6 mol1
124,mol1 mol4 mol4 mol4 mol4
125,mol2 mol2 mol2 mol4
126,mol1 mol1 mol1 mol1 mol1 mol1 mol1 mol5
127,mol1 mol2 mol6 mol1 mol1 mol2
128,mol1 mol2 mol2 mol1 mol1 mol1 mol1 mol1
129,mol6 mol5
130,mol2 mol1 mol1 mol1 mol1 mol1 mol4 mol4
131,mol1 mol6 mol5 mol2 mol2 mol1 mol1 mol6
132,mol1 mol1 mol1 mol1 mol6 mol1 mol4
133,mol6 mol1 mol1 mol6 mol6 mol1 mol1
134,mol1 mol2 mol2 mol1 mol6 mol1 mol2 mol1
135,mol1 mol1 mol1 mol1 mol1
136,mol1 mol6 mol1 mol1 mol6 mol1
137,mol1 mol1 mol1 mol1 mol6 mol1 mol2 mol2
138,mol6 mol1 mol2 mol6 mol1
139,mol1 mol1 mol1 mol1 mol1 mol4 mol1
140,mol1 mol6
141,mol6
142,mol4 mol2 mol4
143,mol1 mol1 mol1 mol1 mol4 mol4 mol4
144,mol1 mol6 mol6 mol1 mol2 mol6 mol1
145,mol1 mol2 mol8
146,mol1 mol1 mol1 mol1 mol1 mol1 mol1 mol4
147,mol1 mol1 mol1 mol7 mol4 mol1 mol2 mol6
148,mol1 mol1 mol1 mol5 mol1 mol6 mol1 mol1
149,mol6 mol2 mol2 mol1 mol1 mol1 mol1
150,mol4 mol1 mol2 mol6 mol1 mol1 mol6 mol1
151,mol2 mol1 mol1 mol6 mol1 mol1 mol1
152,mol1 mol6 mol1 mol6 mol1 mol6
153,mol1 mol1 mol1 mol3 mol5 mol2 mol2
154,mol1 mol1 mol5 mol2 mol2
155,mol6 mol1 mol6 mol1 mol6 mol6 mol1 mol1
156,mol1 mol6 mol6 mol1 mol1 mol5 mol1
157,mol1 mol5 mol1 mol1 mol1 mol6 mol1 mol6
158,mol6 mol1 mol6 mol6 mol1 mol5 mol1
159,mol1 mol3 mol1 mol1 mol2 mol6 mol2 mol1
160,mol1 mol2 mol2 mol1 mol1 mol1 mol1 mol2
161,mol1 mol2 mol2 mol1 mol1 mol1 mol1
162,mol2 mol1 mol1 mol1 mol1 mol6 mol1 mol6
163,mol2 mol3
164,mol2 mol6 mol1 mol2 mol6 mol4
165,mol1 mol4 mol1 mol2 mol6 mol1 mol1 mol6
166,mol1 mol6 mol1 mol6 mol1 mol1 mol6
167,mol6 mol1 mol6 mol6 mol1 mol5 mol1 mol1
168,mol6 mol2 mol1 mol2
169,mol1 mol2 mol1 mol2 mol2 mol2 mol4 mol6
170,mol1 mol1 mol1 mol1 mol5 mol5 mol1 mol1
171,mol1 mol2 mol1 mol1 mol1 mol6 mol1 mol2
172,mol2 mol1 mol6 mol1 mol1 mol1 mol1 mol1
173,mol1 mol1 mol1 mol1 mol3 mol5
174,mol8 mol2 mol2
175,mol6 mol1 mol2 mol1 mol1 mol1 mol1 mol2
176,mol6 mol1 mol6 mol1 mol6 mol2 mol2 mol1
177,mol1 mol4 mol2
178,mol1 mol2 mol1 mol2 mol2 mol1 mol1
179,mol1 mol6 mol6 mol1 mol2 mol1 mol2 mol2
180,mol1 mol5 mol2 mol2
181,mol1 mol1 mol1 mol6 mol1 mol2 mol1
182,mol6 mol1 mol6 mol6 mol1
183,mol1 mol1 mol1 mol1 mol4 mol1 mol1 mol1
184,mol1 mol4 mol4 mol4 mol4 mol4
185,mol3 mol5 mol2 mol2 mol6 mol1 mol1 mol1
186,mol1 mol1 mol4 mol6 mol1 mol1 mol1
187,mol1 mol1 mol2 mol1 mol6
188,mol1 mol6 mol1 mol2 mol1 mol2 mol2 mol1
189,mol6 mol2 mol1 mol2 mol6
190,mol1 mol1 mol6 mol6 mol1 mol6 mol1 mol1
191,mol1 mol1 mol1 mol1 mol6 mol5 mol2 mol2
192,mol2 mol2 mol1 mol2 mol1 mol1 mol1 mol1
193,mol1 mol1 mol2 mol1 mol6 mol1
194,mol1 mol1 mol1 mol5 mol5 mol1 mol1 mol1
195,mol1
196,mol2 mol6 mol1 mol6 mol1 mol1 mol6
197,mol1 mol3 mol1
198,mol1 mol6 mol1 mol2 mol1 mol2 mol1
199,mol1 mol1 mol1 mol2 mol1 mol1 mol6 mol1
200,mol2 mol8 mol2 mol2 mol2 mol8 mol2
201,mol2 mol1 mol2 mol5 mol2 mol2 mol6
202,mol1 mol6 mol1 mol6 mol1 mol1 mol1 mol2
203,mol1 mol1 mol1 mol1 mol6 mol1 mol1 mol5
204,mol2 mol2 mol1 mol6 mol1
205,mol1 mol6 mol1 mol1 mol5 mol1
206,mol1 mol2 mol1 mol2 mol3
207,mol1 mol6 mol1 mol6 mol6
208,mol1 mol6 mol1 mol6 mol1 mol1
209,mol1 mol2 mol1 mol6 mol1
210,mol1 mol1 mol1 mol1 mol4 mol2
211,mol2 mol1 mol1 mol1 mol1 mol2 mol2
212,mol1 mol1 mol1 mol1 mol5 mol2 mol1 mol1
213,mol1 mol1 mol2 mol1 mol1 mol6 mol1 mol6
214,mol1 mol2 mol5 mol6
215,mol1 mol5 mol1 mol2 mol1 mol1 mol1
216,mol1 mol1 mol1 mol7 mol4 mol1 mol2
217,mol1 mol1 mol1 mol2 mol1 mol6 mol1 mol2
218,mol1 mol1 mol1 mol1 mol1 mol6 mol5
219,mol1 mol1 mol1 mol2 mol6 mol1 mol1 mol2
220,mol2 mol6 mol1 mol1 mol1 mol1 mol1 mol2
221,mol6 mol5 mol2 mol2 mol1 mol1
222,mol1 mol1 mol1 mol3 mol5
223,mol1 mol6 mol6 mol1 mol1 mol5 mol1 mol1
224,mol1 mol1 mol1 mol2 mol1 mol2 mol5 mol2
225,mol1 mol1 mol1 mol1 mol4 mol4 mol6
226,mol1 mol2 mol2 mol6 mol1 mol2 mol1 mol1
227,mol1 mol6 mol2 mol1 mol2
228,mol1 mol3 mol5 mol2 mol2 mol6
229,mol1 mol6 mol1 mol1 mol2 mol1 mol1 mol2
230,mol1 mol1 mol1 mol1 mol6 mol2
231,mol1 mol2 mol1 mol1 mol2 mol6 mol1
232,mol1 mol1 mol2 mol8
233,mol5 mol2 mol1
234,mol1 mol2 mol1 mol2 mol1 mol1 mol2 mol2
235,mol1 mol2 mol6 mol1 mol1 mol6 mol1 mol1
236,mol2 mol2 mol1 mol2 mol2 mol1 mol2 mol1
237,mol2 mol1 mol2 mol1 mol1 mol1 mol1
238,mol1 mol5 mol2 mol2 mol6 mol1 mol1 mol1
239,mol1 mol1 mol2 mol1 mol2 mol2 mol4 mol4
240,mol2 mol2 mol1 mol6 mol1 mol1
241,mol1 mol1 mol2 mol2 mol2 mol6
242,mol3 mol1 mol1 mol2 mol6 mol2 mol1 mol1
243,mol2 mol6 mol1 mol6 mol1 mol6 mol1 mol1
244,mol6 mol1 mol1 mol5 mol2 mol2
245,mol1 mol2 mol6 mol1 mol2 mol6 mol4
246,mol3 mol5
247,mol1 mol2 mol1 mol2 mol5
248,mol5 mol1 mol1 mol6 mol1 mol6 mol1 mol6
249,mol2 mol2 mol2 mol6 mol1 mol1
250,mol6 mol1 mol1 mol2 mol2 mol1 mol2
251,mol1 mol1 mol1 mol1 mol1 mol6 mol5 mol2
252,mol2 mol6 mol1 mol6 mol1 mol1 mol1 mol1
253,mol6 mol1 mol1 mol5 mol2 mol2 mol1
254,mol2 mol2 mol8 mol2 mol2 mol2
255,mol5 mol2 mol2 mol1 mol1 mol6
256,mol1 mol1 mol2 mol2 mol2 mol1
257,mol2 mol1 mol1 mol1 mol1 mol1 mol2
258,mol2 mol2 mol2 mol1
259,mol1 mol7 mol4 mol1 mol2 mol6 mol1 mol2
260,mol1 mol1 mol6 mol8 mol2
261,mol2 mol6 mol1 mol6 mol1 mol1 mol1
262,mol2 mol2 mol6 mol1 mol2 mol1 mol1
263,mol1 mol1 mol1 mol1 mol1 mol2 mol2 mol1
264,mol2 mol6 mol1 mol6 mol1 mol6 mol1
265,mol1 mol5 mol1 mol1 mol1 mol1
266,mol2 mol2 mol8 mol2
267,mol1 mol4 mol1 mol2 mol1 mol1 mol6
268,mol1 mol1 mol1 mol1 mol2
269,mol2 mol1 mol6 mol6 mol1 mol1 mol6
270,mol2 mol1 mol2 mol1 mol1 mol1 mol2 mol1
271,mol6 mol6 mol1 mol2
272,mol2 mol2 mol1 mol2 mol6 mol1
273,mol6 mol2 mol2
274,mol2 mol6 mol1 mol1 mol2
275,mol1 mol6 mol6 mol1 mol1 mol1 mol1
276,mol5 mol2 mol2 mol1 mol2
277,mol1 mol6 mol1 mol1 mol1 mol1 mol1 mol1
278,mol1 mol1 mol2 mol2 mol1 mol6 mol1 mol2
279,mol2 mol2 mol2 mol2 mol2 mol1 mol2
280,mol2 mol1 mol2 mol6 mol1 mol1 mol1
281,mol1 mol1 mol1 mol3
282,mol6 mol6 mol1 mol5 mol1
283,mol1 mol6 mol8
284,mol1 mol2 mol2 mol2 mol6 mol1 mol1
285,mol1 mol1 mol2 mol2 mol1 mol2 mol1
286,mol1 mol1 mol1 mol1 mol5 mol2 mol2
287,mol1 mol2 mol2 mol1 mol2 mol1 mol1 mol1
288,mol2 mol2 mol1 mol2 mol1 mol6 mol1
289,mol1 mol1 mol1 mol1 mol2 mol2 mol1 mol2
290,mol1 mol1 mol1 mol5 mol1 mol1 mol1
291,mol8 mol2 mol2 mol2 mol8 mol2
292,mol1 mol2 mol1 mol2 mol1 mol6 mol1
293,mol4 mol1 mol2 mol6 mol2 mol1 mol1 mol1
294,mol2 mol6 mol1 mol1 mol1 mol1 mol6
295,mol1 mol1 mol5 mol5 mol1 mol1 mol1
296,mol1 mol1 mol6 mol1 mol1 mol2 mol6 mol1
297,mol1 mol1 mol5 mol2 mol1 mol1 mol1
298,mol2 mol1 mol1 mol5
299,mol2 mol4 mol4
300,mol1 mol3
301,mol1 mol1 mol5 mol5
302,mol1 mol1 mol2 mol8 mol2 mol2
303,mol6 mol1 mol6 mol1 mol6 mol1 mol1 mol6
304,mol1 mol1 mol6 mol1 mol1 mol2 mol2
305,mol6 mol1 mol1 mol2 mol2
306,mol1 mol5 mol1 mol1 mol1 mol1 mol1 mol1
307,mol6 mol1 mol6 mol6 mol1 mol6 mol1 mol1
308,mol1 mol1 mol1 mol4 mol1 mol1
309,mol1 mol1 mol1 mol5 mol2 mol2
310,mol6 mol8 mol2 mol2
311,mol6 mol1 mol2 mol1 mol1 mol1
312,mol1 mol1 mol1 mol6 mol1 mol1 mol4
313,mol2 mol1 mol1 mol1 mol1 mol2 mol1 mol2
314,mol1 mol1 mol1 mol1 mol2 mol1 mol1
315,mol1 mol5 mol5
316,mol6 mol1 mol6 mol5 mol2
317,mol1 mol1 mol1 mol1 mol1 mol6 mol1 mol2
318,mol6 mol1 mol2 mol1 mol6 mol2 mol1 mol1
319,mol1 mol6 mol2 mol1 mol1 mol1
320,mol8 mol2 mol2 mol1 mol6
321,mol2 mol6 mol2 mol1 mol1 mol1 mol2 mol2
322,mol1 mol6 mol6 mol1 mol2 mol6
323,mol5 mol1 mol1 mol1 mol6 mol1 mol2 mol1
324,mol2 mol1 mol6 mol1 mol1 mol6 mol1
325,mol1 mol1 mol1 mol2 mol1 mol2
326,mol1 mol2 mol2 mol2 mol2 mol2 mol2 mol1
327,mol1 mol1 mol2 mol6 mol1 mol2 mol5
328,mol2 mol8 mol2 mol2 mol2 mol8
329,mol1 mol5 mol1 mol1 mol6 mol6 mol1
330,mol3 mol1
331,mol6 mol1 mol1 mol1 mol2 mol1 mol1 mol1
332,mol1 mol1 mol2 mol6 mol1 mol2 mol6
333,mol1 mol1 mol6 mol2
334,mol8 mol2 mol2 mol1 mol6 mol1 mol1 mol1
335,mol1 mol1 mol1 mol2 mol6 mol1 mol6
336,mol6 mol1 mol1 mol6 mol1 mol1 mol1 mol2
337,mol6 mol6 mol1 mol5 mol1 mol1 mol1
338,mol6 mol1 mol2 mol6
339,mol6 mol1 mol2 mol1 mol2
340,mol6 mol1 mol1 mol1 mol1 mol1 mol6 mol1
341,mol1 mol6 mol6 mol1 mol1 mol6 mol1
342,mol1 mol6 mol2 mol1 mol2 mol6 mol1
343,mol4 mol1 mol1 mol1 mol1
344,mol1 mol1 mol1 mol1 mol1 mol2 mol1 mol6
345,mol1 mol1 mol1 mol4 mol1 mol1 mol1 mol1
346,mol1 mol2 mol2
347,mol1 mol1 mol1 mol6 mol2
348,mol6 mol1 mol6 mol1 mol6 mol1
349,mol1 mol1 mol1 mol1 mol1 mol3
350,mol2 mol1 mol2 mol2 mol4
351,mol1 mol2 mol2 mol2 mol1 mol2 mol1 mol1
352,mol2 mol1 mol1 mol6 mol1 mol1 mol2 mol1
353,mol1 mol1 mol2 mol1 mol1 mol5 mol1
354,mol1 mol1 mol1 mol1 mol2 mol2 mol2
355,mol6 mol1 mol2 mol2
356,mol1 mol1 mol1 mol2 mol2 mol6 mol1 mol2
357,mol2 mol1 mol1 mol1 mol1 mol2 mol6 mol1
358,mol1 mol1 mol1 mol2 mol6
359,mol2 mol2 mol6 mol1 mol2 mol1
360,mol1 mol1 mol1 mol2 mol2 mol2 mol2 mol2
361,mol1 mol2 mol1 mol2 mol2 mol4
362,mol2 mol1 mol6 mol1 mol2 mol1 mol1 mol1
363,mol1 mol6 mol1 mol1 mol6 mol6 mol1 mol2
364,mol2 mol2 mol1
365,mol2 mol2 mol2 mol2 mol1 mol2 mol6
366,mol6 mol1 mol2
367,mol1 mol2 mol2 mol1 mol1 mol1
368,mol6 mol6 mol1 mol6 mol1 mol1 mol1 mol1
369,mol2 mol2 mol1 mol6 mol1 mol2 mol1
370,mol1 mol2 mol1 mol1 mol2 mol2 mol1 mol1
371,mol1 mol1 mol1 mol1 mol2 mol2 mol6 mol1
372,mol2 mol1 mol1 mol1 mol2 mol1 mol1 mol1
373,mol1 mol1 mol2 mol1 mol1 mol1 mol2 mol1
374,mol1 mol1 mol7 mol4 mol6 mol1
375,mol1 mol6 mol1 mol1 mol2 mol1 mol1 mol1
376,mol1 mol1 mol6 mol8
377,mol1 mol2 mol6 mol4
378,mol1 mol1 mol1 mol7 mol4 mol6 mol1
379,mol6 mol2
380,mol6 mol1 mol1 mol1 mol1
381,mol1 mol1 mol1 mol1 mol2 mol1 mol6
382,mol2 mol1 mol1 mol2 mol1 mol1 mol6 mol1
383,mol1 mol6 mol6 mol2 mol1 mol1 mol1
384,mol2 mol2 mol4 mol6
385,mol1 mol6 mol5 mol2 mol2 mol1
386,mol1 mol1 mol2 mol1 mol1 mol2 mol6
387,mol1 mol1 mol6 mol1 mol6 mol1 mol1
388,mol1 mol1 mol6 mol8 mol2 mol2 mol1 mol6
389,mol1 mol2 mol1 mol2 mol2 mol1 mol2 mol2
390,mol1 mol1 mol2 mol6 mol2 mol1 mol1 mol2
391,mol6 mol1 mol1 mol6 mol1 mol2 mol6 mol1
392,mol1 mol1 mol4
393,mol1 mol1 mol1 mol1 mol4 mol1
394,mol1 mol2 mol1 mol6 mol1 mol2 mol1
395,mol2 mol8 mol2 mol2
396,mol6 mol1 mol6 mol1
397,mol6 mol1 mol2 mol1 mol2 mol2 mol1 mol2
398,mol1 mol2 mol5 mol2 mol2
399,mol1 mol1 mol6 mol6 mol2 mol1 mol1
400,mol1 mol2 mol6 mol1 mol1 mol1 mol2
401,mol6 mol1 mol1 mol2 mol8 mol2
402,mol1 mol1 mol2 mol6 mol1 mol2 mol5 mol6
403,mol1 mol1 mol4 mol4 mol4
404,mol1 mol5 mol2 mol2 mol1 mol2 mol1 mol6
405,mol2 mol1 mol6 mol6 mol1 mol1
406,mol2 mol6 mol1 mol1 mol2 mol1 mol2
407,mol6 mol1 mol1 mol1 mol5 mol2
408,mol2 mol1 mol2 mol2 mol4 mol4
409,mol2 mol1 mol2 mol1 mol2 mol2 mol6
410,mol1 mol1 mol2 mol8 mol2 mol2 mol2
411,mol1 mol1 mol6 mol6 mol1 mol2 mol6
412,mol5 mol1 mol1 mol6 mol1 mol6 mol1
413,mol6 mol1 mol1 mol5 mol2
414,mol1 mol6 mol1 mol6 mol1 mol6 mol6 mol1
415,mol1 mol1 mol2 mol2 mol1 mol6
416,mol5 mol1 mol6 mol6 mol1 mol2
417,mol1 mol1 mol1 mol4 mol2
418,mol6 mol1 mol1 mol2 mol1 mol2 mol1 mol6
419,mol1 mol1 mol1 mol7 mol4 mol1
420,mol6 mol1 mol1 mol6 mol1 mol1
421,mol2 mol1 mol1 mol1 mol1 mol2
422,mol1 mol6 mol6 mol1 mol5 mol1
423,mol1 mol1 mol1 mol2 mol6 mol1 mol1 mol1
424,mol1 mol1 mol1 mol1 mol2 mol1
425,mol1 mol6 mol1 mol6 mol1 mol1 mol1 mol6
426,mol1 mol1 mol1 mol6 mol6 mol1 mol2
427,mol2 mol2 mol2 mol2 mol1
428,mol1 mol1 mol1 mol1 mol1 mol7 mol4 mol1
429,mol1 mol3 mol1 mol1 mol2 mol6
430,mol5 mol1 mol1 mol1 mol6 mol1 mol2
431,mol2 mol1 mol1 mol6 mol1 mol1 mol1 mol1
432,mol1 mol6 mol1 mol6 mol6 mol1 mol6
433,mol6 mol1 mol1 mol2 mol2 mol1
434,mol2 mol1 mol1 mol5 mol1 mol6 mol1
435,mol2 mol1 mol2 mol1 mol6 mol1 mol2 mol1
436,mol1 mol6 mol6 mol1 mol1 mol1
437,mol1 mol1 mol1 mol2 mol1 mol1 mol2 mol2
438,mol1 mol1 mol2 mol6 mol1 mol2
439,mol1 mol1 mol1 mol2 mol2 mol2 mol6
440,mol6 mol2 mol1 mol1
441,mol1 mol2 mol1 mol1 mol1 mol1 mol1 mol6
442,mol1 mol1 mol1 mol4 mol1 mol2
443,mol6 mol1 mol1 mol2 mol6 mol1 mol1
444,mol6 mol1 mol1 mol2 mol1 mol1 mol2
445,mol6 mol1 mol1 mol2 mol1 mol2
446,mol1 mol2 mol6 mol1 mol6 mol1 mol6 mol1
447,mol1 mol2 mol6 mol1 mol6 mol1 mol1
448,mol2 mol2 mol1 mol2 mol1 mol1
449,mol1 mol2 mol1 mol1 mol5
450,mol5 mol1 mol1
451,mol4 mol1 mol2 mol1 mol6
452,mol1 mol1 mol2 mol6 mol1 mol6 mol5
453,mol6 mol1 mol1 mol1 mol1 mol1
454,mol6 mol6 mol1 mol1 mol6
455,mol1 mol1 mol1 mol1 mol2 mol1 mol2 mol3
456,mol6 mol1 mol1 mol1 mol6 mol1 mol1 mol6
457,mol1 mol1 mol1 mol2 mol2 mol1 mol1
458,mol2 mol4 mol6
459,mol1 mol1 mol4 mol1 mol1 mol1
460,mol6 mol1 mol6 mol1 mol1 mol6
461,mol2 mol1 mol1 mol1 mol1 mol2 mol2 mol2
462,mol2 mol2 mol6 mol1 mol1 mol1 mol1 mol1
463,mol2 mol1 mol2 mol2 mol1
464,mol6 mol1 mol1 mol6 mol6 mol1
465,mol1 mol2 mol1 mol1 mol5 mol1 mol6
466,mol2 mol1 mol1 mol2 mol2
467,mol6 mol1 mol1 mol1 mol6 mol2
468,mol1 mol1 mol2 mol1 mol2 mol2 mol4
469,mol1 mol4 mol1 mol1 mol1 mol1 mol1
470,mol2 mol6 mol1 mol1 mol1 mol1 mol6 mol1
471,mol1 mol1 mol1 mol1 mol6 mol1 mol6
472,mol2 mol1 mol6 mol1 mol2 mol1 mol6
473,mol1 mol6 mol1 mol6 mol1 mol1 mol2 mol8
474,mol6 mol1 mol1 mol1 mol6
475,mol6 mol6 mol1 mol1 mol5 mol1 mol1
476,mol6 mol1 mol1 mol5 mol1 mol2
477,mol2 mol1 mol1 mol1 mol6 mol1 mol1
478,mol1 mol1 mol1 mol6 mol1 mol1 mol2 mol6
479,mol4 mol1 mol2 mol6 mol1 mol2 mol6
480,mol6 mol1 mol1 mol1 mol6 mol1
481,mol2 mol1 mol2 mol2 mol1 mol2 mol1
482,mol4 mol1 mol1 mol1 mol1 mol1 mol6 mol6
483,mol1 mol1 mol1 mol1 mol1 mol1 mol7 mol4
484,mol5 mol2 mol2 mol6 mol1
485,mol1 mol1 mol2 mol2 mol2 mol2 mol2 mol2
486,mol1 mol5 mol1 mol1 mol1 mol1 mol1
487,mol1 mol2 mol1 mol2 mol1 mol2
488,mol1 mol2 mol6 mol1 mol6 mol5
489,mol6 mol1 mol1 mol6 mol6 mol1 mol2
490,mol1 mol1 mol1 mol6 mol1 mol2 mol2
491,mol1 mol1 mol2 mol6 mol1 mol6 mol1 mol6
492,mol1 mol6 mol6 mol1 mol5
493,mol1 mol5 mol2 mol1
494,mol2 mol2 mol1 mol2 mol1 mol2 mol1 mol2
495,mol1 mol1 mol1 mol1 mol6 mol6 mol2 mol1
496,mol5 mol1 mol1 mol1 mol6 mol1
497,mol2 mol2 mol2 mol2
498,mol6 mol1 mol2 mol1 mol6 mol1 mol2 mol1
499,mol6 mol1 mol1 mol1 mol6 mol1 mol1
500,mol1 mol1 mol1 mol1 mol5 mol5 mol1
501,mol1 mol1 mol7 mol4 mol1 mol2
502,mol2 mol1 mol1 mol1 mol1 mol6 mol1
503,mol1 mol1 mol6 mol1 mol1 mol6 mol1 mol3
504,mol4 mol1 mol2 mol6 mol1 mol1
505,mol1 mol1 mol2 mol1 mol1 mol2 mol6 mol1
506,mol1 mol1 mol1 mol1 mol1 mol1 mol4 mol1
507,mol2 mol1 mol1 mol1 mol1 mol5 mol1 mol1
508,mol1 mol1 mol2 mol1 mol2 mol1 mol2 mol6
509,mol2 mol1 mol1 mol5 mol1
510,mol6 mol1 mol2 mol6 mol1 mol1 mol2 mol1
511,mol1 mol5 mol1 mol1 mol6 mol6 mol1 mol1
512,mol2 mol6 mol1 mol1 mol2 mol1
513,mol2 mol6 mol1 mol1 mol1 mol1
514,mol2 mol1 mol2 mol2 mol1 mol2
515,mol1 mol1 mol6 mol1 mol1 mol2 mol6
516,mol1 mol1 mol1 mol1 mol1 mol6 mol1
517,mol6 mol1 mol1 mol6
518,mol6 mol1 mol2 mol1 mol1 mol1 mol2
519,mol1 mol6 mol1 mol6 mol2
520,mol6 mol1 mol6 mol6 mol1 mol5
521,mol1 mol1 mol1 mol2 mol1 mol2 mol2 mol4
522,mol1 mol2 mol6 mol1 mol6 mol1 mol1 mol1
523,mol2 mol1 mol6 mol1 mol2 mol1 mol6 mol1
524,mol1 mol1 mol6 mol1 mol2 mol6 mol1 mol6
525,mol1 mol7
526,mol6 mol1 mol1 mol1
527,mol4 mol4 mol4 mol6 mol6
528,mol6 mol1 mol1 mol6 mol1 mol1 mol6
529,mol1 mol6 mol2 mol2 mol1 mol1 mol1 mol1
530,mol1 mol5 mol5 mol1 mol1 mol1 mol1 mol1
531,mol6 mol1 mol6 mol1 mol6 mol2
532,mol2 mol1 mol1 mol2 mol2 mol1 mol1
533,mol2 mol2 mol2 mol1 mol2 mol6 mol1
534,mol1 mol6 mol8 mol2 mol2 mol1 mol6
535,mol1 mol1 mol1 mol5 mol2 mol2 mol1 mol1
536,mol2 mol2 mol2 mol1 mol2 mol1 mol1 mol1
537,mol1 mol4 mol6 mol1 mol1 mol1 mol1 mol1
538,mol6 mol1 mol1 mol6 mol1 mol1 mol5
539,mol1 mol1 mol7
540,mol1 mol1 mol6 mol5 mol2 mol2 mol1 mol1
541,mol2 mol2 mol2 mol6 mol1 mol1 mol6 mol1
542,mol3 mol1 mol1 mol1
543,mol1 mol4 mol6 mol1 mol2 mol6
544,mol2 mol1 mol6 mol1 mol6 mol1
545,mol5 mol2
546,mol2 mol1 mol1 mol6
547,mol5 mol1 mol2 mol1
548,mol1 mol6 mol6 mol1 mol6 mol1 mol1
549,mol1 mol1 mol1 mol1 mol1 mol3 mol1
550,mol6 mol1 mol5 mol1 mol1 mol1
551,mol6 mol2 mol1 mol2 mol6 mol1 mol1
552,mol6 mol1 mol6 mol1 mol1 mol6 mol1 mol6
553,mol1 mol1 mol1 mol1 mol6 mol1 mol1 mol6
554,mol1 mol6 mol1 mol2 mol1 mol1 mol6 mol1
555,mol6 mol1 mol1 mol4 mol1 mol2 mol6 mol1
556,mol6 mol1 mol1 mol1 mol6 mol1 mol1 mol1
557,mol1 mol1 mol2 mol2 mol1 mol1 mol1
558,mol1 mol6 mol1 mol6 mol1
559,mol6 mol6 mol1 mol2 mol1
560,mol2 mol1 mol1 mol2 mol1 mol1 mol1
561,mol1 mol1 mol6 mol1 mol1 mol1 mol2 mol1
562,mol1 mol1 mol6 mol1 mol4
563,mol1 mol1 mol2 mol2 mol1 mol2 mol1 mol2
564,mol1 mol1 mol3 mol5 mol2
565,mol1 mol5 mol5 mol1 mol1 mol1 mol1
566,mol2 mol6 mol1 mol2 mol1
567,mol1 mol4 mol4 mol1 mol2 mol6 mol2
568,mol6 mol6 mol1 mol1 mol1 mol1
569,mol1 mol1 mol6 mol6 mol1 mol1 mol1
570,mol1 mol3 mol5 mol2 mol2 mol6 mol1
571,mol2 mol2 mol1 mol2 mol2 mol1 mol2
572,mol1 mol1 mol2 mol1 mol2 mol1 mol1
573,mol1 mol2 mol8 mol2 mol2 mol2
574,mol1 mol1 mol1 mol1 mol1 mol1 mol4 mol4
575,mol1 mol1 mol1 mol6 mol1 mol1 mol6 mol6
576,mol1 mol7 mol4 mol1
577,mol2
578,mol1 mol6 mol1 mol1 mol1 mol6 mol6
579,mol1 mol6 mol1 mol2 mol1 mol2 mol2
580,mol1 mol1 mol6 mol1 mol2 mol2 mol1 mol1
581,mol6 mol1 mol1 mol2 mol1 mol1 mol6 mol1
582,mol1 mol6 mol5 mol2
583,mol6 mol1 mol5 mol1
584,mol1 mol1 mol6 mol1 mol6 mol1 mol1 mol2
585,mol6 mol1 mol1 mol2 mol1 mol1 mol1
586,mol2 mol2 mol1 mol2
587,mol4 mol1 mol2 mol6 mol1 mol2 mol6 mol1
588,mol6 mol2 mol1 mol1 mol1 mol2
589,mol2 mol2 mol6 mol1 mol1 mol1
590,mol1 mol1 mol6 mol1 mol6 mol1 mol6
591,mol6 mol1 mol2 mol6 mol1 mol2
592,mol1 mol1 mol5 mol1 mol2 mol1 mol1
593,mol1 mol2 mol1 mol6 mol2 mol1 mol1
594,mol2 mol1 mol2 mol1
595,mol1 mol1 mol1 mol1 mol1 mol2
596,mol6 mol1 mol6 mol6
597,mol1 mol1 mol1 mol2 mol1 mol2 mol1
598,mol1 mol1 mol2 mol2 mol1 mol2 mol2 mol1
599,mol6 mol2 mol1 mol1 mol1 mol5 mol2
600,mol2 mol6 mol1 mol2 mol6 mol1
601,mol4 mol4
602,mol1 mol2 mol1 mol6 mol1 mol2
603,mol1 mol5 mol1 mol2 mol1 mol1 mol1 mol1
604,mol2 mol1 mol1 mol2 mol2 mol1 mol1 mol1
605,mol1 mol6 mol1 mol6 mol1 mol6 mol6
606,mol6 mol1 mol6 mol2 mol2 mol1 mol1
607,mol6 mol1 mol1 mol2 mol6
608,mol6 mol1 mol1 mol1 mol1 mol1 mol1 mol7
609,mol1 mol2 mol1 mol1 mol1 mol1 mol1
610,mol1 mol1 mol5 mol2 mol2 mol1
611,mol1 mol2 mol2 mol2
612,mol1 mol1 mol2 mol1 mol1 mol5
613,mol2 mol2 mol1 mol1 mol1
614,mol2 mol6 mol2 mol1 mol1 mol1
615,mol1 mol1 mol1 mol1 mol1 mol3 mol5 mol2
616,mol1 mol5 mol5 mol1 mol1 mol1
617,mol1 mol1 mol2 mol1 mol6 mol1 mol2 mol6
618,mol1 mol6 mol1 mol2 mol2 mol1
619,mol6 mol1 mol1 mol6 mol1 mol2 mol2
620,mol1 mol1 mol1 mol1 mol1 mol1 mol3
621,mol2 mol2 mol6 mol1 mol1 mol1 mol1
622,mol6 mol1 mol1 mol6 mol1 mol6 mol1
623,mol6 mol6 mol1 mol5 mol1 mol1
624,mol1 mol6 mol1 mol1 mol1
625,mol6 mol1 mol1 mol1 mol1 mol1 mol1 mol6
626,mol1 mol1 mol1 mol1 mol6 mol1
627,mol1 mol6 mol1 mol1 mol6 mol1 mol6
628,mol1 mol1 mol1 mol1 mol1 mol1 mol6 mol5
629,mol4 mol4 mol1 mol2
630,mol5 mol2 mol2 mol6 mol1 mol1 mol1
631,mol1 mol2 mol1 mol2 mol1 mol2 mol2
632,mol2 mol1 mol6 mol1 mol2 mol1 mol1
633,mol1 mol1 mol2 mol2 mol1 mol1 mol1 mol1
634,mol2 mol1 mol2 mol1 mol6
635,mol1 mol2 mol1 mol1 mol6 mol1 mol1
636,mol1 mol1 mol6 mol6 mol1 mol1 mol5 mol1
637,mol1 mol1 mol6 mol1
638,mol6 mol1 mol1 mol6 mol1 mol6 mol1 mol1
639,mol2 mol6 mol1 mol1 mol6 mol1 mol1 mol2
640,mol1 mol1 mol5 mol1
641,mol3 mol5 mol2 mol2
642,mol2 mol2 mol1 mol1 mol1 mol1
643,mol2 mol6 mol1 mol6 mol1 mol1 mol6 mol1
644,mol6 mol2 mol1 mol1 mol1 mol1 mol1
645,mol5 mol1 mol1 mol6 mol6 mol1
646,mol1 mol1 mol2 mol2 mol1 mol2 mol2
647,mol6 mol6 mol1 mol5
648,mol1 mol7 mol4 mol6 mol1 mol1 mol1
649,mol1 mol7 mol4 mol1 mol2
650,mol4 mol4 mol1 mol2 mol6
651,mol1 mol6 mol6 mol1 mol1 mol1 mol1 mol1
652,mol1 mol2 mol2 mol4
653,mol1 mol1 mol2 mol1 mol1 mol6 mol1 mol1
654,mol1 mol1 mol1 mol5 mol1 mol1
655,mol1 mol1 mol1 mol1 mol2 mol2 mol2 mol1
656,mol1 mol4 mol4 mol4
657,mol2 mol2 mol1 mol1 mol1 mol1 mol2 mol2
658,mol1 mol2 mol6 mol1 mol1 mol2 mol1 mol2
659,mol1 mol1 mol1 mol2 mol1 mol1 mol5
660,mol1 mol2 mol2 mol1 mol6 mol1 mol2
661,mol1 mol1 mol4 mol2
662,mol1 mol6 mol1 mol6 mol1 mol6 mol2 mol2
663,mol1 mol1 mol2 mol2 mol6 mol1
664,mol1 mol1 mol1 mol6 mol6 mol2 mol1 mol1
665,mol1 mol2 mol1 mol1 mol1 mol1 mol2
666,mol1 mol2 mol1 mol6 mol1 mol2 mol6
667,mol1 mol2 mol1 mol2 mol1 mol1
668,mol1 mol1 mol1 mol2 mol1 mol1
669,mol1 mol5 mol2 mol2 mol1 mol2
670,mol2 mol2 mol4
671,mol3 mol1 mol1 mol1 mol1 mol1 mol6 mol1
672,mol1 mol7 mol4 mol6
673,mol2 mol6 mol1 mol1 mol1 mol1 mol1 mol6
674,mol2 mol1 mol2 mol1 mol2 mol6
675,mol1 mol2 mol6 mol1 mol1 mol2 mol1
676,mol6 mol1 mol6 mol1 mol6 mol6 mol1
677,mol1 mol2 mol2 mol2 mol1 mol2
678,mol1 mol1 mol1 mol1 mol6 mol1 mol2 mol6
679,mol1 mol6 mol6 mol1 mol2 mol6 mol1 mol1
680,mol1 mol1 mol1 mol4 mol4 mol4 mol4
681,mol2 mol1 mol2 mol2 mol2
682,mol2 mol6 mol1 mol6 mol5
683,mol1 mol1 mol1 mol6 mol2 mol1 mol2 mol6
684,mol2 mol1 mol6 mol2 mol1 mol1 mol1 mol1
685,mol1 mol1 mol1 mol1 mol1 mol1 mol6 mol6
686,mol2 mol1 mol1 mol6 mol1 mol1 mol2
687,mol1 mol1 mol6 mol5 mol2
688,mol2 mol2 mol1 mol2 mol1 mol6
689,mol1 mol2 mol1 mol2 mol1 mol2 mol1 mol2
690,mol1 mol1 mol6 mol5
691,mol2 mol1 mol1 mol2 mol6 mol1 mol1
692,mol1 mol1 mol1 mol2 mol2 mol2 mol6 mol1
693,mol2 mol6 mol1 mol6
694,mol1 mol1 mol2 mol6 mol2
695,mol1 mol6 mol1 mol2 mol1 mol1
696,mol1 mol1 mol2 mol1 mol2 mol2 mol2 mol6
697,mol1 mol6 mol1 mol1 mol5 mol1 mol6
698,mol6 mol6 mol2 mol1 mol1
699,mol2 mol1 mol1 mol1
700,mol1 mol6 mol1 mol3
701,mol6 mol2 mol1 mol2 mol6 mol1
702,mol1 mol2 mol6 mol2 mol1 mol1 mol2
703,mol1 mol2 mol6 mol1 mol1 mol2 mol6 mol1
704,mol6 mol1 mol1 mol1 mol1 mol1 mol1 mol1
705,mol2 mol1 mol6 mol1 mol2 mol1
706,mol1 mol1 mol1 mol2 mol2 mol2 mol1 mol2
707,mol1 mol2 mol2 mol2 mol4
708,mol2 mol1 mol1
709,mol1 mol1 mol1 mol1 mol1 mol3 mol5
710,mol5 mol1 mol2 mol1 mol1 mol1 mol1
711,mol6 mol5 mol2 mol2 mol1 mol1 mol1
712,mol1 mol6 mol5 mol2 mol2 mol1 mol1 mol1
713,mol6 mol1 mol1 mol2 mol8
714,mol1 mol2 mol8 mol2
715,mol4 mol1 mol1
716,mol6 mol6 mol1 mol2 mol1 mol2 mol2 mol2
717,mol1 mol1 mol1 mol1 mol2 mol1 mol1 mol1
718,mol1 mol1 mol1 mol1 mol1 mol1 mol4 mol2
719,mol1 mol5 mol1 mol1 mol1 mol6 mol1 mol2
720,mol6 mol6 mol1 mol1 mol1 mol5 mol1
721,mol1 mol1 mol1 mol2 mol1 mol1 mol2 mol6
722,mol1 mol6 mol6 mol2 mol1
723,mol2 mol1 mol1 mol1 mol1 mol1 mol4
724,mol1 mol1 mol1 mol1 mol1 mol1 mol1 mol2
725,mol6 mol1 mol2 mol1 mol6 mol1 mol1
726,mol1 mol1 mol1 mol6 mol1 mol2
727,mol1 mol1 mol5 mol1 mol2 mol1
728,mol1 mol1 mol3 mol5 mol2 mol2 mol6
729,mol1 mol1 mol1 mol1 mol6 mol6 mol2
730,mol6 mol1 mol1 mol1 mol1 mol1 mol6
731,mol1 mol1 mol6 mol2 mol1
732,mol1 mol1 mol1 mol2 mol1 mol2 mol2 mol2
733,mol1 mol1 mol2
734,mol2 mol1 mol2 mol2 mol2 mol8
735,mol2 mol1 mol1 mol6 mol1 mol6 mol1
736,mol1 mol3 mol5 mol2
737,mol1 mol2 mol1 mol1 mol2 mol6 mol1 mol1
738,mol1 mol5 mol1 mol6 mol6
739,mol5 mol5 mol1
740,mol2 mol2 mol1 mol2 mol2 mol1
741,mol1 mol6 mol6 mol1 mol5 mol1 mol1 mol1
742,mol1 mol1 mol1 mol1 mol2 mol6 mol1
743,mol1 mol1 mol5 mol5 mol1
744,mol1 mol2 mol6 mol1 mol2 mol1 mol1 mol1
745,mol1 mol7 mol4 mol6 mol1
746,mol6 mol1 mol1 mol6 mol1 mol2 mol1
747,mol6 mol6 mol1 mol1 mol5 mol1
748,mol1 mol5 mol1 mol6 mol1 mol1
749,mol5 mol1 mol6 mol1
750,mol1 mol2 mol2 mol2 mol1 mol2 mol1
751,mol6 mol6 mol2
752,mol1 mol1 mol6 mol6 mol2 mol1 mol1 mol1
753,mol6 mol6 mol1 mol1 mol1 mol6
754,mol1 mol1 mol1 mol1 mol1 mol1 mol6
755,mol1 mol1 mol4 mol4 mol4 mol6 mol6 mol1
756,mol1 mol1 mol2 mol2 mol1 mol2
757,mol6 mol1 mol1 mol6 mol1 mol1 mol5 mol2
758,mol1 mol2 mol1 mol1 mol2 mol1 mol2
759,mol1 mol1 mol6 mol6 mol1 mol2 mol1
760,mol1 mol1 mol6 mol6 mol1 mol1 mol5
761,mol1 mol6 mol1 mol1 mol1 mol6 mol1 mol2
762,mol1 mol1 mol6 mol1 mol6 mol1
763,mol2 mol1 mol2 mol1 mol1 mol1 mol1 mol1
764,mol4 mol1 mol2 mol6
765,mol1 mol6 mol2 mol2 mol1 mol1
766,mol1 mol1 mol2 mol1 mol1
767,mol5 mol1 mol6 mol1 mol1 mol1 mol5 mol2
768,mol2 mol8 mol2 mol2 mol2 mol8 mol2 mol2
769,mol2 mol2 mol6 mol1 mol1 mol6
770,mol1 mol1 mol1 mol4 mol4 mol1 mol2
771,mol1 mol6 mol1 mol1 mol6 mol6
772,mol6 mol1 mol1 mol6 mol6 mol1 mol2 mol6
773,mol4 mol1 mol2 mol6 mol1 mol2
774,mol1 mol6 mol1 mol2 mol1 mol6 mol2
775,mol1 mol1 mol1 mol1 mol5 mol2 mol1
776,mol6 mol1 mol2 mol1 mol2 mol1
777,mol5 mol1 mol1 mol6 mol1 mol2 mol6
778,mol1 mol1 mol1 mol1 mol6 mol1 mol2 mol1
779,mol1 mol1 mol2 mol1 mol1 mol2 mol1 mol1
780,mol6 mol1 mol2 mol1 mol1 mol1 mol1 mol5
781,mol1 mol1 mol6 mol1 mol1 mol1 mol1 mol1
782,mol6 mol1
783,mol6 mol2 mol1 mol1 mol1 mol2 mol2
784,mol1 mol1 mol1 mol1 mol1 mol1 mol2 mol6
785,mol1 mol6 mol6 mol1 mol2
786,mol5 mol5
787,mol1 mol1 mol6 mol6 mol1 mol1 mol1 mol1
788,mol1 mol6 mol1 mol2 mol1 mol1 mol1 mol2
789,mol4 mol4 mol6 mol2 mol2
790,mol1 mol1 mol2 mol6 mol1 mol1 mol2 mol6
791,mol1 mol1 mol1 mol7 mol4 mol6
792,mol1 mol6 mol1 mol1 mol1 mol1 mol1 mol6
793,mol1 mol1 mol4 mol1 mol2 mol1 mol1 mol6
794,mol1 mol1 mol1 mol2 mol6 mol1 mol2 mol5
795,mol2 mol1 mol2 mol1 mol2 mol1 mol2 mol2
796,mol1 mol6 mol1 mol1 mol1 mol2 mol1
797,mol1 mol1 mol2 mol1 mol2 mol5 mol2 mol2
798,mol6 mol1 mol1 mol6 mol6
799,mol2 mol2 mol2 mol2 mol2 mol2 mol1 mol2
800,mol1 mol2 mol1 mol1 mol1
801,mol3 mol5 mol2 mol2 mol6 mol1
802,mol1 mol1 mol5 mol2 mol1 mol1 mol1 mol1
803,mol1 mol2 mol1 mol6 mol6 mol1 mol1 mol6
804,mol1 mol1 mol5 mol1 mol2 mol1 mol1 mol1
805,mol2 mol6 mol2 mol1 mol1 mol2
806,mol6 mol6 mol1 mol1 mol6 mol1 mol6 mol1
807,mol6 mol1 mol1 mol6 mol1
808,mol1 mol2 mol1 mol2 mol1 mol2 mol2 mol1
809,mol1 mol5 mol2 mol2 mol1 mol1 mol1 mol1
810,mol2 mol1 mol6 mol1 mol1 mol1
811,mol1 mol6 mol1 mol1 mol2 mol6 mol1
812,mol2 mol2 mol2 mol1 mol2 mol1 mol1
813,mol1 mol1 mol1 mol1 mol1 mol2 mol2 mol2
814,mol5 mol1 mol6 mol1 mol1 mol1 mol1 mol1
815,mol1 mol1 mol1 mol1
816,mol2 mol1 mol1 mol1 mol5
817,mol6 mol2 mol1 mol2 mol6 mol1 mol1 mol1
818,mol1 mol6 mol1 mol1 mol2 mol1 mol2
819,mol1 mol1 mol7 mol4 mol1
820,mol1 mol1 mol1 mol6 mol5 mol2
821,mol1 mol1 mol6 mol2 mol1 mol2
822,mol2 mol1 mol1 mol2 mol1
823,mol1 mol1 mol1 mol6 mol1 mol6 mol1 mol6
824,mol8 mol2 mol2 mol1 mol6 mol1
825,mol6 mol1 mol1 mol4
826,mol6 mol1 mol6 mol1 mol1 mol2 mol8 mol2
827,mol2 mol2 mol1 mol6 mol1 mol1 mol1
828,mol3 mol1 mol1 mol2
829,mol2 mol1 mol2 mol1 mol2 mol2 mol1 mol1
830,mol6 mol6 mol1 mol6 mol1 mol6
831,mol1 mol1 mol1 mol1 mol5 mol5
832,mol1 mol1 mol1 mol1 mol6 mol2 mol1 mol2
833,mol1 mol4 mol1 mol2 mol6 mol1 mol1
834,mol6 mol1 mol2 mol1 mol2 mol2 mol1
835,mol1 mol1 mol7 mol4 mol6 mol1 mol1 mol1
836,mol1 mol5 mol2 mol1 mol1 mol1 mol1 mol1
837,mol2 mol6 mol1 mol2 mol6 mol1 mol1 mol1
838,mol6 mol1 mol6 mol1 mol1 mol2 mol1 mol1
839,mol1 mol1 mol2 mol2 mol2 mol2 mol2
840,mol1 mol1 mol1 mol1 mol6 mol2 mol1
841,mol1 mol2 mol6 mol1 mol6 mol5 mol2
842,mol1 mol1 mol5
843,mol6 mol1 mol2 mol1 mol1 mol1 mol1
844,mol6 mol6 mol1 mol1
845,mol1 mol1 mol1 mol2 mol2 mol2
846,mol2 mol1 mol2 mol5 mol2
847,mol1 mol1 mol6 mol6 mol1 mol1 mol1 mol6
848,mol1 mol2 mol2 mol2 mol2 mol2 mol2
849,mol7 mol4 mol1 mol2 mol6 mol1 mol2
850,mol1 mol1 mol2 mol1 mol1 mol2 mol1 mol2
851,mol1 mol6 mol1 mol1 mol2 mol2 mol1 mol2
852,mol1 mol1 mol2 mol1 mol1 mol1 mol1 mol2
853,mol1 mol1 mol6 mol1 mol2 mol1 mol6
854,mol6 mol1 mol1 mol2 mol1 mol2 mol1
855,mol1 mol6 mol1 mol2 mol1 mol1 mol1 mol1
856,mol4 mol6 mol1 mol2
857,mol1 mol1 mol3 mol1 mol1 mol2
858,mol1 mol2 mol6 mol1 mol1 mol6 mol1
859,mol5 mol1 mol6 mol6 mol1
860,mol6 mol2 mol1 mol1 mol1 mol1 mol1 mol1
861,mol1 mol1 mol2 mol6 mol1 mol1 mol2 mol2
862,mol2 mol2 mol2 mol8 mol2
863,mol1 mol2 mol2 mol1 mol2
864,mol7 mol4 mol1 mol2 mol6 mol1
865,mol1 mol1 mol1 mol4 mol4 mol4 mol6 mol6
866,mol1 mol1 mol1 mol5 mol5
867,mol1 mol1 mol2 mol1 mol1 mol2 mol1
868,mol6 mol1 mol6 mol1 mol6 mol6
869,mol1 mol5 mol2 mol1 mol1
870,mol8 mol2 mol2 mol2
871,mol1 mol2 mol1 mol6 mol1 mol6 mol1
872,mol6 mol6 mol1 mol1 mol2
873,mol6 mol1 mol1 mol2 mol6 mol1
874,mol7 mol4 mol6 mol1
875,mol1 mol2 mol1 mol2 mol6 mol1 mol1 mol1
876,mol1 mol1 mol2 mol1 mol6 mol6 mol1 mol1
877,mol1 mol1 mol1 mol5 mol2 mol2 mol2
878,mol6 mol1 mol6 mol6 mol1 mol6 mol1
879,mol5 mol2 mol2 mol1 mol2 mol1 mol6
880,mol1 mol5 mol1 mol1 mol6 mol1 mol2 mol6
881,mol1 mol6 mol1 mol2 mol1 mol6
882,mol1 mol1 mol2 mol1
883,mol6 mol1 mol1 mol2 mol2 mol1 mol1 mol1
884,mol1 mol2 mol1 mol2 mol2 mol4 mol4
885,mol4 mol6 mol6 mol1 mol1 mol2 mol1 mol1
886,mol1 mol1 mol6 mol1 mol1 mol1 mol6 mol6
887,mol6 mol1 mol1 mol1 mol2 mol1 mol1
888,mol1 mol1 mol1 mol1 mol3
889,mol6 mol1 mol2 mol6 mol4
890,mol4 mol4 mol1 mol2 mol6 mol2 mol1 mol1
891,mol6 mol1 mol2 mol2 mol1 mol1 mol1
892,mol1 mol1 mol6 mol6
893,mol1 mol1 mol6 mol1 mol2 mol1 mol1
894,mol1 mol1 mol1 mol1 mol1 mol4 mol4 mol4
895,mol1 mol1 mol1 mol1 mol1 mol4 mol1 mol2
896,mol1 mol1 mol1 mol1 mol3 mol5 mol2 mol2
897,mol1 mol1 mol2 mol1 mol2 mol2 mol2
898,mol1 mol5 mol2 mol2 mol1 mol1 mol6 mol1
899,mol6 mol1 mol1 mol1 mol6 mol6 mol1 mol6
900,mol1 mol5 mol2 mol2 mol2
901,mol1 mol1 mol4 mol1 mol2 mol6 mol1
902,mol6 mol1 mol1 mol6 mol1 mol1 mol1 mol1
903,mol6 mol1 mol6 mol1 mol1 mol1 mol2
904,mol1 mol4 mol1 mol2 mol1 mol1 mol6 mol1
905,mol1 mol2 mol6 mol1 mol2 mol1
906,mol1 mol1 mol1 mol6 mol2 mol1
907,mol1 mol5 mol2 mol2 mol1 mol1 mol6
908,mol1 mol2 mol1 mol1 mol2 mol1 mol1 mol1
909,mol6 mol1 mol1 mol5 mol1 mol6
910,mol6 mol2 mol2 mol1 mol1
911,mol1 mol1 mol1 mol1 mol7 mol4 mol6
912,mol1 mol6 mol1 mol1 mol6 mol1 mol1 mol5
913,mol2 mol1 mol2 mol2 mol1 mol2 mol2 mol1
914,mol1 mol4 mol1 mol2 mol1 mol6 mol1
915,mol1 mol6 mol1 mol1 mol1 mol2 mol6
916,mol1 mol3 mol1 mol1 mol2
917,mol1 mol2 mol1 mol6 mol1 mol1 mol6 mol1
918,mol1 mol2 mol6 mol1 mol6 mol1
919,mol6 mol1 mol1 mol1 mol1 mol4 mol4
920,mol1 mol1 mol1 mol2 mol1 mol2 mol2 mol1
921,mol1 mol6 mol1 mol1 mol6 mol6 mol1 mol1
922,mol1 mol2 mol1 mol6
923,mol2 mol1 mol2 mol1 mol2 mol1 mol2 mol1
924,mol1 mol5 mol2 mol1 mol1 mol1 mol1
925,mol7 mol4 mol1 mol2 mol6
926,mol2 mol1 mol1 mol1 mol1 mol1
927,mol2 mol6 mol1 mol1 mol1 mol6 mol2
928,mol1 mol1 mol6 mol1 mol2 mol1 mol6 mol2
929,mol1 mol6 mol1 mol1 mol5 mol1 mol6 mol1
930,mol6 mol1 mol1 mol5 mol1 mol6 mol1
931,mol1 mol1 mol7 mol4 mol6
932,mol1 mol2 mol6 mol1 mol1 mol1 mol6 mol2
933,mol5 mol2 mol1 mol1 mol1 mol1
934,mol1 mol4 mol4
935,mol1 mol1 mol1 mol1 mol1 mol6 mol1 mol6
936,mol1 mol1 mol1 mol6 mol1 mol1 mol1 mol6
937,mol1 mol6 mol1 mol1 mol5
938,mol1 mol1 mol2 mol1 mol1 mol2 mol2 mol1
939,mol1 mol1 mol3 mol1
940,mol1 mol1 mol1 mol6 mol1 mol1 mol5 mol1
941,mol1 mol1 mol1 mol1 mol1 mol6 mol1 mol4
942,mol1 mol4 mol1
943,mol6 mol1 mol1 mol5 mol1
944,mol1 mol2 mol2 mol1 mol2 mol2 mol1 mol2
945,mol1 mol1 mol2 mol8 mol2
946,mol2 mol2 mol2 mol1 mol2 mol1
947,mol6 mol1 mol2 mol1 mol6 mol2 mol1
948,mol1 mol1 mol2 mol1 mol2 mol1 mol2 mol1
949,mol2 mol2 mol8
950,mol1 mol2 mol2 mol6 mol1 mol2 mol1
951,mol2 mol1 mol6 mol1 mol6 mol1 mol1 mol1
952,mol5 mol2 mol2 mol1 mol2 mol1
953,mol1 mol4 mol1 mol2 mol1
954,mol6 mol1 mol2 mol1 mol2 mol2 mol2
955,mol1 mol1 mol2 mol6 mol1 mol2 mol1
956,mol1 mol6 mol2 mol1 mol1 mol1 mol1 mol1
957,mol1 mol5 mol1 mol1 mol1 mol6
958,mol1 mol4 mol1 mol2 mol6 mol1
959,mol1 mol1 mol1 mol1 mol1 mol4 mol4
960,mol1 mol2 mol1 mol2 mol2 mol1 mol2
961,mol1 mol1 mol5 mol1 mol6 mol1
962,mol4 mol6 mol6 mol1 mol1
963,mol1 mol1 mol1 mol6 mol1 mol2 mol2 mol1
964,mol4 mol4 mol6 mol6 mol1 mol1 mol2
965,mol6 mol1 mol1 mol1 mol1 mol1 mol1 mol2
966,mol1 mol1 mol6 mol1 mol6 mol1 mol6 mol6
967,mol6 mol1 mol2 mol6 mol1 mol1 mol2
968,mol5 mol1 mol6
969,mol1 mol1 mol6 mol6 mol1 mol2 mol1 mol2
970,mol1 mol6 mol1 mol6 mol1 mol1 mol2 mol1
971,mol4 mol4 mol6 mol6
972,mol1 mol6 mol1 mol6 mol6 mol1 mol5
973,mol6 mol1 mol1 mol6 mol1 mol1 mol6 mol1
974,mol6 mol6 mol1 mol2 mol6 mol1 mol1 mol1
975,mol2 mol1 mol2 mol1 mol1 mol2 mol2
976,mol1 mol2 mol1 mol1 mol1 mol1 mol5 mol1
977,mol1 mol1 mol7 mol4
978,mol2 mol1 mol1 mol2 mol1 mol2
979,mol1 mol1 mol1 mol1 mol1 mol2 mol2
980,mol2 mol1 mol1 mol2 mol1 mol1 mol1 mol1
981,mol7 mol4 mol6 mol1 mol1
982,mol2 mol2 mol1 mol6 mol1 mol2 mol1 mol1
983,mol1 mol1 mol2 mol1 mol2 mol2 mol2 mol4
984,mol6 mol1 mol1 mol1 mol5 mol2 mol2
985,mol2 mol6 mol1 mol1 mol6 mol1 mol1 mol1
986,mol1 mol6 mol6 mol1 mol6 mol1 mol6
987,mol1 mol2 mol1 mol1 mol2 mol2 mol1
988,mol5 mol1 mol1 mol1 mol6
989,mol1 mol1 mol1 mol2 mol1 mol1 mol6
990,mol2 mol1 mol1 mol1 mol1 mol1 mol1 mol4
991,mol6 mol1 mol2 mol5
992,mol6 mol6 mol1 mol2 mol6 mol1
993,mol1 mol1 mol1 mol4 mol4 mol1 mol2 mol6
994,mol1 mol1 mol1 mol5 mol2 mol2 mol6 mol1
995,mol1 mol4 mol4 mol4 mol6 mol6
996,mol1 mol1 mol4 mol4 mol1 mol2 mol6
997,mol2 mol1 mol1 mol2 mol1 mol2 mol1
998,mol1 mol2 mol6 mol1 mol6 mol1 mol1 mol6
999,mol1 mol2
1000,mol6 mol1 mol2 mol1 mol1 mol6 mol1
1001,mol1 mol1 mol6 mol6 mol1 mol6 mol1 mol6
1002,mol1 mol2 mol6 mol1 mol6
1003,mol1 mol1 mol1 mol4 mol1 mol2 mol1 mol1
1004,mol2 mol8
1005,mol6 mol1 mol6 mol2 mol2 mol1 mol1 mol1
1006,mol1 mol5 mol1 mol6 mol1 mol1 mol1 mol5
1007,mol1 mol1 mol1 mol5 mol2 mol1 mol1 mol1
1008,mol1 mol4 mol1 mol2
1009,mol1 mol1 mol6 mol1 mol1 mol2
1010,mol1 mol1 mol2 mol1 mol2 mol5
1011,mol1 mol6 mol1 mol1 mol6 mol1 mol3
1012,mol1 mol1 mol1 mol3 mol5 mol2 mol2 mol6
1013,mol1 mol1 mol1 mol1 mol1 mol1 mol1 mol3
1014,mol1 mol6 mol6 mol1 mol1 mol5
1015,mol1 mol1 mol6 mol1 mol1 mol2 mol1
1016,mol6 mol1 mol1 mol1 mol5 mol2 mol2 mol1
1017,mol4 mol1 mol2 mol6 mol2 mol1 mol1
1018,mol4 mol1 mol2 mol6 mol2
1019,mol2 mol1 mol6 mol1 mol6 mol1 mol1
1020,mol2 mol1 mol6 mol1 mol2 mol6 mol1
1021,mol2 mol2 mol1 mol2 mol1
1022,mol4 mol1 mol2 mol6 mol1 mol1 mol6
1023,mol1 mol1 mol1 mol6 mol6 mol1
1024,mol1 mol2 mol1 mol6 mol1 mol6
1025,mol6 mol1 mol6 mol6 mol1 mol1 mol4
1026,mol2 mol1 mol2 mol1 mol2 mol1
1027,mol1 mol2 mol6 mol1 mol1 mol1
1028,mol5 mol2 mol2
1029,mol1 mol1 mol1 mol6 mol1 mol4
1030,mol1 mol1 mol2 mol1 mol6 mol6 mol1
1031,mol2 mol2 mol2 mol1 mol2
1032,mol1 mol1 mol2 mol1 mol2
1033,mol1 mol1 mol1 mol6 mol1 mol6 mol1
1034,mol1 mol2 mol1 mol2 mol1 mol1 mol1
1035,mol1 mol1 mol6 mol1 mol2
1036,mol1 mol1 mol2 mol6 mol1 mol6
1037,mol1 mol4 mol6 mol1 mol1 mol1 mol1
1038,mol1 mol6 mol1 mol6 mol6 mol1 mol1 mol4
1039,mol3 mol1 mol1 mol1 mol1 mol1
1040,mol1 mol1 mol5 mol1 mol1 mol1 mol1
1041,mol1 mol1 mol2 mol6 mol2 mol1 mol1
1042,mol1 mol1 mol6 mol6 mol1 mol2 mol1 mol1
1043,mol1 mol1 mol1 mol5 mol2
1044,mol1 mol2 mol1 mol2 mol1 mol2 mol6
1045,mol2 mol1 mol1 mol1 mol6 mol1 mol2
1046,mol1 mol6 mol6 mol1 mol1 mol1 mol5
1047,mol1 mol1 mol6 mol1 mol2 mol1 mol1 mol6
1048,mol4 mol1 mol2 mol1 mol1 mol6 mol1
1049,mol1 mol1 mol6 mol1 mol1 mol1 mol1
1050,mol5 mol1 mol1 mol6 mol1 mol2
1051,mol1 mol6 mol8 mol2 mol2 mol1
1052,mol1 mol4 mol6 mol1 mol1 mol1
1053,mol1 mol2 mol3
1054,mol1 mol1 mol1 mol6 mol5
1055,mol1 mol2 mol2 mol6 mol1
1056,mol2 mol1 mol2 mol5 mol2 mol2
1057,mol1 mol6 mol1 mol2 mol6 mol1 mol1 mol1
1058,mol6 mol1 mol1 mol6 mol1 mol1 mol2 mol1
1059,mol1 mol1 mol1 mol6 mol1 mol1 mol2 mol2
1060,mol5 mol1 mol1 mol1 mol6 mol1 mol6 mol1
1061,mol1 mol1 mol6 mol1 mol2 mol1 mol2 mol2
1062,mol2 mol2 mol1 mol6
1063,mol7 mol4 mol1 mol2 mol6 mol1 mol2 mol6
1064,mol1 mol1 mol4 mol1 mol2
1065,mol2 mol1 mol1 mol1 mol1 mol5 mol2 mol2
1066,mol1 mol1 mol4 mol4 mol6 mol2
1067,mol1 mol5 mol2
1068,mol6 mol6 mol1 mol1 mol1 mol5
1069,mol2 mol1 mol1 mol2 mol1 mol1
1070,mol2 mol1 mol1 mol1 mol1 mol1 mol6 mol1
1071,mol2 mol1 mol2 mol1 mol2 mol6 mol1 mol1
1072,mol1 mol5 mol5 mol1 mol1
1073,mol7 mol4 mol1
1074,mol1 mol6 mol1 mol2 mol1 mol2 mol1 mol2
1075,mol1 mol2 mol1 mol1 mol2
1076,mol2 mol2 mol1 mol2 mol1 mol1 mol1 mol2
1077,mol6 mol2 mol1 mol1 mol1 mol5
1078,mol1 mol2 mol1 mol2 mol1 mol2 mol6 mol1
1079,mol2 mol1 mol1 mol1 mol1 mol6 mol1 mol2
1080,mol1 mol1 mol6 mol1 mol1 mol5 mol1 mol6
1081,mol6 mol4
1082,mol1 mol1 mol2 mol2 mol1 mol1
1083,mol6 mol1 mol3
1084,mol1 mol1 mol1 mol3 mol1 mol1 mol2
1085,mol2 mol1 mol1 mol5 mol1 mol6
1086,mol1 mol1 mol6 mol1 mol1 mol4 mol1 mol2
1087,mol1 mol1 mol1 mol1 mol1 mol6 mol6
1088,mol1 mol1 mol1 mol1 mol1 mol1
1089,mol6 mol6 mol1 mol6 mol1 mol6 mol1 mol1
1090,mol1 mol6 mol1 mol1 mol4
1091,mol2 mol1 mol1 mol1 mol1 mol2 mol1 mol1
1092,mol2 mol1 mol2 mol2 mol1 mol1
1093,mol6 mol1 mol1 mol2 mol8 mol2 mol2 mol2
1094,mol1 mol1 mol4 mol4 mol6
1095,mol2 mol2 mol1 mol2 mol1 mol2
1096,mol2 mol1 mol6
1097,mol1 mol1 mol4 mol6 mol1 mol2
1098,mol1 mol2 mol6 mol1 mol2 mol6 mol1 mol1
1099,mol2 mol1 mol2 mol1 mol6 mol1 mol6
1100,mol1 mol1 mol1 mol2 mol2 mol1 mol1 mol1
1101,mol6 mol1 mol1 mol5 mol1 mol6 mol1 mol6
1102,mol6 mol2 mol1 mol1 mol1 mol1
1103,mol1 mol4 mol1 mol1 mol1 mol1 mol1 mol6
1104,mol1 mol1 mol2 mol1 mol1 mol1 mol1 mol1
1105,mol2 mol6 mol1 mol2 mol5
1106,mol6 mol1 mol1 mol4 mol1 mol2 mol6
1107,mol2 mol1 mol2 mol1 mol2 mol1 mol1 mol1
1108,mol1 mol2 mol2 mol2 mol6 mol1 mol1 mol6
1109,mol1 mol2 mol6 mol1 mol6 mol1 mol6
1110,mol2 mol1 mol1 mol1 mol6 mol1 mol2 mol6
1111,mol2 mol1 mol1 mol6 mol1 mol1 mol6
1112,mol1 mol2 mol1 mol1 mol6 mol1 mol1 mol2
1113,mol6 mol6 mol1
1114,mol2 mol1 mol6 mol1 mol1 mol6 mol1 mol2
1115,mol1 mol5 mol5 mol1
1116,mol1 mol6 mol2 mol2
1117,mol2 mol8 mol2
1118,mol1 mol6 mol8 mol2 mol2 mol1 mol6 mol1
1119,mol2 mol1 mol1 mol6 mol1 mol1
1120,mol1 mol4 mol1 mol1 mol1
1121,mol6 mol6 mol1 mol2 mol1 mol2
1122,mol1 mol1 mol1 mol6 mol6 mol1 mol1
1123,mol2 mol6
1124,mol1 mol1 mol1 mol1 mol4 mol4 mol1 mol2
1125,mol2 mol1 mol2
1126,mol6 mol1 mol1 mol2 mol1 mol2 mol1 mol1
1127,mol1 mol1 mol1 mol2 mol1 mol2 mol1 mol2
1128,mol1 mol2 mol1 mol2 mol1 mol2 mol1
1129,mol2 mol1 mol1 mol1 mol1 mol6
1130,mol2 mol1 mol2 mol1 mol6 mol1
1131,mol2 mol1 mol2 mol1 mol2 mol6 mol1
1132,mol2 mol2 mol6 mol1 mol1 mol6 mol1 mol1
1133,mol1 mol6 mol1 mol2 mol6 mol1 mol1 mol2
1134,mol1 mol2 mol6 mol1 mol2 mol5 mol6
1135,mol1 mol1 mol6 mol1 mol6 mol1 mol6 mol2
1136,mol1 mol2 mol1 mol1 mol1 mol1 mol6
1137,mol2 mol6 mol1 mol2 mol6 mol1 mol1
1138,mol7 mol4 mol6
1139,mol6 mol1 mol6 mol1 mol1 mol6 mol6 mol1
1140,mol1 mol3 mol1 mol1 mol2 mol6 mol2
1141,mol6 mol1 mol1 mol5 mol2 mol2 mol1 mol2
1142,mol1 mol2 mol1 mol1 mol1 mol1
1143,mol1 mol1 mol1 mol1 mol7 mol4 mol1 mol2
1144,mol7 mol4 mol6 mol1 mol1 mol1 mol1
1145,mol1 mol2 mol1 mol6 mol2 mol1 mol1 mol1
1146,mol1 mol2 mol6
1147,mol1 mol1 mol2 mol1 mol2 mol1
1148,mol2 mol2 mol1 mol6 mol1 mol1 mol1 mol1
1149,mol1 mol1 mol6 mol6 mol2 mol1
1150,mol1 mol1 mol1 mol4 mol6 mol1 mol1
1151,mol1 mol1 mol4 mol1 mol1 mol1 mol1
1152,mol4 mol4 mol1 mol2 mol6 mol2
1153,mol1 mol2 mol8 mol2 mol2 mol2 mol8
1154,mol1 mol1 mol6 mol1 mol2 mol1 mol2
1155,mol1 mol6 mol6 mol2
1156,mol1 mol1 mol6 mol1 mol2 mol1 mol2 mol1
1157,mol1 mol6 mol1 mol1 mol2 mol1 mol1 mol6
1158,mol6 mol1 mol1 mol1 mol1 mol1 mol1 mol3
1159,mol1 mol6 mol1 mol1 mol2 mol6 mol1 mol1
1160,mol2 mol1 mol2 mol1 mol1 mol2 mol6
1161,mol1 mol6 mol1
1162,mol6 mol6 mol1 mol6 mol1 mol6 mol1
1163,mol2 mol2 mol2 mol2 mol1 mol2 mol6 mol1
1164,mol1 mol1 mol1 mol3 mol1
1165,mol5 mol2 mol2 mol1
1166,mol1 mol1 mol2 mol6 mol1 mol2 mol1 mol1
1167,mol4 mol4 mol4 mol4
1168,mol1 mol1 mol5 mol2 mol2 mol1 mol2 mol1
1169,mol4 mol6 mol2 mol2
1170,mol8 mol2
1171,mol1 mol1 mol2 mol6 mol1 mol6 mol1 mol1
1172,mol1 mol6 mol1 mol6 mol2 mol2 mol1
1173,mol1 mol1 mol1 mol1 mol2 mol1 mol1 mol5
1174,mol6 mol1 mol6 mol1 mol1 mol1
1175,mol7 mol4
1176,mol2 mol1 mol2 mol6
1177,mol1 mol6 mol1 mol1 mol1 mol2 mol6 mol1
1178,mol5 mol1 mol6 mol1 mol6 mol1 mol1 mol6
1179,mol2 mol2 mol4 mol4
1180,mol6 mol1 mol2 mol6 mol1 mol1 mol1 mol1
1181,mol1 mol1 mol1 mol2 mol6 mol1 mol2
1182,mol2 mol2 mol1 mol2 mol1 mol2 mol1
1183,mol5 mol1 mol6 mol1 mol1 mol1 mol1
1184,mol1 mol1 mol4 mol1 mol2 mol1
1185,mol6 mol1 mol2 mol6 mol1 mol1 mol1
1186,mol1 mol1 mol1 mol1 mol1 mol2 mol1
1187,mol1 mol5 mol1 mol1 mol6 mol1 mol6 mol1
1188,mol1 mol2 mol6 mol1 mol1 mol1 mol1 mol6
1189,mol2 mol6 mol1 mol1 mol2 mol6 mol1
1190,mol1 mol2 mol1 mol1
1191,mol5 mol5 mol1 mol1
1192,mol1 mol1 mol5 mol1 mol1 mol6 mol6 mol1
1193,mol4 mol6 mol6 mol1 mol1 mol2 mol1
1194,mol1 mol1 mol6 mol1 mol6 mol6 mol1 mol6
1195,mol1 mol1 mol5 mol1 mol6 mol6
1196,mol6 mol1 mol2 mol1 mol1 mol1 mol1 mol1
1197,mol6 mol2 mol1 mol1 mol1 mol5 mol2 mol2
1198,mol1 mol2 mol1 mol1 mol2 mol1
1199,mol3 mol1 mol1 mol2 mol6 mol2
1200,mol1 mol1 mol1 mol1 mol2 mol2 mol1
1201,mol1 mol6 mol1 mol1 mol6 mol1 mol2 mol2
1202,mol1 mol4 mol6 mol1 mol1
1203,mol6 mol1 mol1 mol2
1204,mol6 mol1 mol1 mol1 mol2 mol1
1205,mol1 mol2 mol1 mol1 mol2 mol1 mol1
1206,mol2 mol1 mol1 mol2 mol1 mol1 mol6
1207,mol1 mol4 mol4 mol1 mol2 mol6 mol2 mol1
1208,mol2 mol1 mol2 mol2 mol2 mol4 mol6
1209,mol1 mol4 mol1 mol1 mol1 mol1
1210,mol6 mol6 mol1 mol1 mol2 mol1 mol1
1211,mol1 mol1 mol2 mol2 mol2 mol6 mol1 mol1
1212,mol6 mol1 mol2 mol1
1213,mol1 mol2 mol1 mol2 mol2 mol6
1214,mol8
1215,mol1 mol1 mol1 mol1 mol1 mol7
1216,mol2 mol1 mol6 mol1 mol6
1217,mol5 mol1 mol6 mol1 mol1
1218,mol1 mol1 mol1 mol1 mol1 mol1 mol2 mol2
1219,mol2 mol1 mol1 mol2 mol6 mol1
1220,mol1 mol1 mol5 mol2 mol2 mol6 mol1
1221,mol1 mol1 mol7 mol4 mol1 mol2 mol6 mol1
1222,mol1 mol1 mol1 mol2 mol2
1223,mol1 mol2 mol1 mol1 mol5 mol1
1224,mol1 mol6 mol1 mol1 mol4 mol1 mol2
1225,mol5
1226,mol2 mol2 mol1 mol1 mol6
1227,mol6 mol1 mol1 mol5 mol1 mol2 mol1
1228,mol2 mol1 mol1 mol1 mol5 mol2 mol2 mol2
1229,mol1 mol2 mol2 mol1 mol6 mol1
1230,mol2 mol8 mol2 mol2 mol2
1231,mol1 mol1 mol2 mol2 mol2
1232,mol1 mol2 mol1 mol1 mol6 mol1 mol6
1233,mol1 mol6 mol2 mol2 mol1
1234,mol1 mol6 mol1 mol2 mol6 mol1 mol1
1235,mol2 mol1 mol1 mol2 mol2 mol1 mol2
1236,mol2 mol1 mol6 mol2
1237,mol1 mol6 mol5 mol2 mol2
1238,mol4 mol4 mol1
1239,mol1 mol1 mol1 mol1 mol1 mol1 mol4
1240,mol1 mol1 mol1 mol1 mol6 mol6 mol1 mol6
1241,mol1 mol1 mol1 mol6 mol1 mol6 mol6
1242,mol5 mol2 mol2 mol6 mol1 mol1
1243,mol1 mol1 mol2 mol1 mol1 mol2 mol2
1244,mol1 mol1 mol2 mol6 mol1 mol6 mol5 mol2
1245,mol5 mol1 mol2 mol1 mol1 mol1 mol1 mol1
1246,mol1 mol1 mol6 mol6 mol1 mol1 mol1 mol5
1247,mol6 mol6 mol1 mol1 mol1 mol1 mol1 mol1
1248,mol1 mol1 mol1 mol2 mol2 mol1 mol2 mol1
1249,mol6 mol5 mol2
1250,mol1 mol6 mol1 mol1 mol2 mol1 mol1
1251,mol1 mol1 mol1 mol5 mol1 mol1 mol1 mol1
1252,mol1 mol1 mol1 mol5 mol1 mol6 mol6 mol1
1253,mol1 mol1 mol6 mol2 mol1 mol2 mol6 mol1
1254,mol1 mol2 mol2 mol2 mol1
1255,mol1 mol2 mol1 mol1 mol1 mol1 mol5 mol2
1256,mol1 mol2 mol6 mol1 mol1 mol6
1257,mol1 mol1 mol1 mol6 mol1 mol1 mol2
1258,mol4 mol6 mol1 mol2 mol6
1259,mol5 mol1 mol2
1260,mol5 mol1 mol1 mol6 mol1 mol6
1261,mol1 mol1 mol1 mol2 mol6 mol1 mol6 mol5
1262,mol1 mol2 mol6 mol1 mol1 mol2 mol2
1263,mol1 mol1 mol6 mol1 mol1 mol2 mol1 mol1
1264,mol1 mol6 mol6 mol1 mol1 mol6
1265,mol6 mol1 mol6 mol1 mol6 mol1 mol1 mol1
1266,mol1 mol1 mol4 mol6 mol1 mol2 mol6
1267,mol1 mol4 mol1 mol2 mol1 mol6 mol1 mol1
1268,mol1 mol1 mol1 mol6 mol6 mol1 mol1 mol5
1269,mol1 mol5 mol1
1270,mol1 mol1 mol1 mol4 mol6 mol1 mol1 mol1
1271,mol2 mol1 mol1 mol1 mol5 mol2 mol2
1272,mol6 mol2 mol1 mol1 mol2
1273,mol2 mol1 mol6 mol1 mol1 mol1 mol1
1274,mol1 mol6 mol6 mol1 mol1 mol1 mol6
1275,mol6 mol6 mol1 mol1 mol1 mol1 mol1
1276,mol6 mol1 mol1 mol4 mol1
1277,mol1 mol2 mol2 mol2 mol4 mol6
1278,mol3 mol5 mol2 mol2 mol6
1279,mol1 mol1 mol1 mol1 mol1 mol1 mol1 mol1
1280,mol2 mol2 mol2 mol8
1281,mol1 mol6 mol1 mol1 mol4 mol1 mol2 mol6
1282,mol6 mol1 mol2 mol1 mol1 mol1 mol1 mol6
1283,mol6 mol1 mol6 mol1 mol6
1284,mol1 mol2 mol2 mol1 mol2 mol1 mol2
1285,mol6 mol1 mol1 mol1 mol1 mol1 mol2
1286,mol2 mol2 mol2 mol4 mol6
1287,mol1 mol6 mol1 mol1 mol2 mol2 mol1
1288,mol2 mol1 mol2 mol1 mol2 mol2 mol6 mol2
1289,mol5 mol1
1290,mol1 mol3 mol5 mol2 mol2 mol6 mol1 mol1
1291,mol6 mol6 mol1 mol6 mol1 mol1 mol1 mol6
1292,mol2 mol1 mol1 mol1 mol1 mol1 mol1
1293,mol2 mol2 mol1 mol1 mol6 mol1 mol1 mol1
1294,mol1 mol1 mol1 mol2 mol2 mol1 mol6
1295,mol1 mol1 mol6 mol1 mol6 mol6 mol1 mol5
1296,mol6 mol5 mol2 mol2 mol1 mol1 mol1 mol1
1297,mol1 mol1 mol1 mol1 mol2 mol1 mol2
1298,mol1 mol6 mol1 mol1 mol5 mol1 mol2
1299,mol1 mol6 mol1 mol2 mol1 mol6 mol2 mol1
1300,mol1 mol1 mol6 mol1 mol2 mol1
1301,mol1 mol6 mol6 mol1 mol2 mol1
1302,mol1 mol1 mol5 mol1 mol1 mol6 mol6
1303,mol1 mol1 mol5 mol1 mol6 mol1 mol1
1304,mol1 mol2 mol1 mol2 mol6 mol1 mol1
1305,mol2 mol2 mol2
1306,mol1 mol1 mol1 mol1 mol3 mol1 mol1 mol2
1307,mol2 mol1 mol1 mol1 mol1 mol5 mol5
1308,mol1 mol1 mol1 mol1 mol1 mol4 mol2 mol4
1309,mol1 mol6 mol2 mol1 mol2 mol6
1310,mol1 mol1 mol2 mol1 mol1 mol2
1311,mol1 mol6 mol1 mol1 mol2 mol6
1312,mol2 mol6 mol1 mol2 mol6
1313,mol1 mol1 mol1 mol1 mol1 mol6
1314,mol2 mol1 mol1 mol1 mol1 mol1 mol1 mol1
1315,mol1 mol6 mol1 mol1 mol5 mol1 mol2 mol1
1316,mol1 mol1 mol3 mol5
1317,mol1 mol1 mol1 mol1 mol6 mol1 mol1
1318,mol1 mol1 mol2 mol6 mol1 mol1 mol1 mol2
1319,mol1 mol1 mol5 mol2
1320,mol1 mol1 mol1 mol1 mol1 mol1 mol2
1321,mol1 mol1 mol5 mol1 mol1 mol1 mol1 mol1
1322,mol2 mol1 mol2 mol2 mol6 mol2
1323,mol4 mol6 mol6 mol1 mol1 mol2
1324,mol1 mol2 mol2 mol2 mol2
1325,mol1 mol1 mol1 mol5 mol1 mol6 mol6
1326,mol1 mol1 mol4 mol1 mol1 mol1 mol1 mol1
1327,mol1 mol6 mol6 mol2 mol1 mol1 mol1 mol5
1328,mol1 mol1 mol1 mol6 mol6 mol1 mol2 mol1
1329,mol1 mol6 mol1 mol1 mol2 mol1 mol2 mol1
1330,mol1 mol1 mol4 mol1 mol2 mol1 mol6 mol1
1331,mol4 mol4 mol6 mol6 mol1
1332,mol1 mol2 mol1 mol2 mol1 mol1 mol1 mol2
1333,mol6 mol1 mol1 mol5 mol1 mol1 mol6 mol6
1334,mol1 mol2 mol2 mol6 mol1 mol2
1335,mol2 mol1 mol1 mol6 mol1 mol1 mol6 mol1
1336,mol2 mol2 mol2 mol6 mol1 mol1 mol6
1337,mol6 mol1 mol1 mol1 mol2 mol6
1338,mol1 mol6 mol1 mol2 mol2 mol1 mol1 mol1
1339,mol6 mol1 mol2 mol1 mol6 mol1
1340,mol5 mol1 mol6 mol1 mol1 mol1
1341,mol1 mol5 mol1 mol6 mol6 mol1 mol2 mol6
1342,mol2 mol5 mol2
1343,mol1 mol1 mol1 mol4 mol4
1344,mol1 mol1 mol2 mol2 mol6 mol1 mol2 mol1
1345,mol1 mol6 mol1 mol1 mol2 mol1
1346,mol1 mol1 mol1 mol1 mol2 mol1 mol2 mol1
1347,mol1 mol6 mol1 mol1 mol6 mol1 mol1
1348,mol1 mol6 mol1 mol1 mol1 mol1 mol1 mol2
1349,mol6 mol1 mol1 mol6 mol1 mol2
1350,mol1 mol1 mol5 mol1 mol6 mol1 mol1 mol1
1351,mol1 mol6 mol1 mol6 mol6 mol1 mol6 mol1
1352,mol4 mol1 mol2 mol6 mol2 mol1
1353,mol2 mol6 mol1 mol6 mol1 mol6
1354,mol1 mol3 mol5
1355,mol2 mol6 mol1 mol1 mol2 mol6
1356,mol1 mol1 mol2 mol2 mol1
1357,mol1 mol2 mol1 mol1 mol1 mol1 mol5 mol5
1358,mol1 mol1 mol7 mol4 mol1 mol2 mol6
1359,mol1 mol1 mol4 mol4 mol1 mol2
1360,mol4 mol1 mol1 mol1
1361,mol1 mol1 mol2 mol2 mol2 mol2
1362,mol1 mol1 mol1 mol6 mol5 mol2 mol2
1363,mol1 mol1 mol1 mol5 mol2 mol2 mol1
1364,mol1 mol2 mol2 mol2 mol6
1365,mol1 mol1 mol3 mol1 mol1
1366,mol5 mol5 mol1 mol1 mol1
1367,mol1 mol6 mol1 mol2 mol6 mol1 mol2
1368,mol1 mol2 mol1 mol1 mol1 mol2 mol1 mol1
1369,mol1 mol6 mol5 mol2 mol2 mol1 mol1
1370,mol1 mol6 mol1 mol1 mol6 mol1 mol1 mol1
1371,mol6 mol1 mol2 mol2 mol1 mol1 mol1 mol1
1372,mol1 mol1 mol1 mol6 mol1 mol2 mol6
1373,mol1 mol2 mol1 mol2 mol2 mol2 mol6
1374,mol1 mol1 mol1 mol1 mol2 mol6 mol1 mol6
1375,mol1 mol2 mol1 mol1 mol1 mol1 mol2 mol1
1376,mol1 mol5
1377,mol1 mol1 mol5 mol1 mol1 mol6 mol1 mol2
1378,mol2 mol6 mol1 mol2 mol1 mol1 mol1 mol1
1379,mol1 mol6 mol1 mol2 mol6
1380,mol1 mol1 mol1 mol6 mol6
1381,mol1 mol1 mol6 mol6 mol1
1382,mol1 mol1 mol1 mol2 mol2 mol2 mol1
1383,mol1 mol1 mol5 mol1 mol1 mol1 mol6 mol1
1384,mol2 mol1 mol2 mol6 mol1
1385,mol1 mol1 mol2 mol2 mol1 mol6 mol1
1386,mol3 mol1 mol1 mol2 mol6
1387,mol4 mol4 mol4
1388,mol1 mol1 mol6 mol1 mol2 mol2
1389,mol6 mol6 mol1 mol6 mol1 mol1
1390,mol1 mol1 mol6 mol1 mol1 mol2 mol2 mol1
1391,mol1 mol2 mol6 mol1 mol1 mol2 mol6
1392,mol6 mol6 mol2 mol1 mol1 mol1 mol5
1393,mol2 mol6 mol1 mol1 mol2 mol6 mol1 mol1
1394,mol6 mol1 mol1 mol2 mol2 mol1 mol1
1395,mol6 mol1 mol6 mol6 mol1 mol6
1396,mol1 mol1 mol6 mol1 mol3
1397,mol2 mol1 mol2 mol2 mol2 mol6
1398,mol1 mol1 mol2 mol6 mol1 mol2 mol6 mol4
1399,mol1 mol1 mol4 mol4 mol6 mol2 mol2
1400,mol1 mol1 mol1 mol2 mol1 mol1 mol1 mol2
1401,mol1 mol1 mol4 mol1 mol1
1402,mol2 mol1 mol1 mol5 mol1 mol6 mol1 mol1
1403,mol5 mol1 mol1 mol6 mol6 mol1 mol1 mol1
1404,mol1 mol6 mol1 mol1 mol2
1405,mol6 mol1 mol6 mol1 mol1 mol1 mol1 mol1
1406,mol2 mol1 mol2 mol1 mol1 mol1
1407,mol6 mol1 mol1 mol6 mol6 mol1 mol1 mol1
1408,mol3 mol1 mol1 mol1 mol1
1409,mol1 mol6 mol2 mol1 mol1 mol1 mol1
1410,mol2 mol1 mol1 mol1 mol1 mol1 mol6
1411,mol6 mol1 mol6 mol1 mol6 mol1 mol1 mol2
1412,mol1 mol1 mol1 mol1 mol2 mol1 mol1 mol6
1413,mol1 mol2 mol1 mol2 mol1 mol6 mol1 mol2
1414,mol6 mol1 mol5 mol1 mol1 mol1 mol6
1415,mol1 mol1 mol1 mol4 mol6 mol1 mol2 mol6
1416,mol1 mol2 mol1 mol1 mol1 mol6 mol1 mol1
1417,mol6 mol1 mol2 mol1 mol2 mol2 mol2 mol8
1418,mol1 mol1 mol1 mol1 mol5 mol1 mol1 mol1
1419,mol6 mol1 mol1 mol5 mol1 mol1
1420,mol4 mol6 mol2
1421,mol7 mol4 mol6 mol1 mol1 mol1 mol1 mol1
1422,mol1 mol6 mol1 mol6 mol2 mol2 mol1 mol1
1423,mol1 mol1 mol4 mol4 mol4 mol6 mol6
1424,mol6 mol6 mol1 mol5 mol1 mol1 mol1 mol6
1425,mol6 mol1 mol2 mol1 mol1 mol6
1426,mol1 mol2 mol1 mol1 mol2 mol6
1427,mol2 mol1 mol1 mol1 mol1 mol2 mol1
1428,mol2 mol1 mol2 mol1 mol1 mol1 mol1 mol5
1429,mol1 mol2 mol2 mol2 mol8
1430,mol2 mol2 mol1 mol2 mol1 mol1 mol1
1431,mol1 mol2 mol1 mol1 mol6 mol1 mol1 mol6
1432,mol1 mol6 mol6 mol1 mol6 mol1 mol6 mol1
1433,mol1 mol2 mol2 mol4 mol4
1434,mol2 mol1 mol1 mol2 mol6 mol1 mol1 mol1
1435,mol2 mol6 mol1 mol6 mol1
1436,mol1 mol6 mol8 mol2 mol2
1437,mol1 mol1 mol1 mol1 mol1 mol1 mol1
1438,mol1 mol5 mol2 mol2 mol1 mol1
1439,mol2 mol2 mol2 mol2 mol2 mol2
1440,mol2 mol6 mol1 mol6 mol5 mol2
1441,mol1 mol6 mol1 mol1 mol1 mol1 mol4 mol4
1442,mol1 mol1 mol1 mol1 mol1 mol3 mol1 mol1
1443,mol1 mol7 mol4
1444,mol2 mol1 mol6 mol2 mol1 mol1 mol1
1445,mol1 mol1 mol1 mol1 mol6 mol1 mol1 mol1
1446,mol1 mol1 mol6 mol1 mol1 mol5 mol1 mol2
1447,mol1 mol1 mol2 mol1 mol1 mol1 mol1
1448,mol6 mol1 mol1 mol2 mol1 mol1 mol6
1449,mol1 mol1 mol1 mol1 mol1 mol7 mol4
1450,mol1 mol2 mol2 mol1 mol2 mol1 mol1
1451,mol1 mol6 mol6 mol1 mol1
1452,mol1 mol1 mol1 mol2 mol1 mol6
1453,mol1 mol6 mol1 mol4
1454,mol1 mol2 mol1 mol2 mol2 mol2
1455,mol4 mol1 mol2 mol1 mol6 mol1 mol1 mol6
1456,mol1 mol5 mol1 mol6 mol1 mol1 mol1
1457,mol1 mol6 mol1 mol1 mol2 mol2
1458,mol1 mol1 mol1 mol2 mol1 mol1 mol5 mol1
1459,mol1 mol1 mol1 mol6 mol1 mol1 mol6
1460,mol6 mol1 mol2 mol6 mol1 mol1 mol1 mol6
1461,mol1 mol1 mol1 mol1 mol2 mol2
1462,mol6 mol8 mol2 mol2 mol1
1463,mol6 mol1 mol1 mol6 mol1 mol1 mol1
1464,mol1 mol1 mol6 mol1 mol1 mol2 mol1 mol2
1465,mol1 mol1 mol1 mol1 mol5 mol1 mol1 mol6
1466,mol1 mol2 mol2 mol2 mol6 mol1
1467,mol8 mol2 mol2 mol2 mol8
1468,mol6 mol1 mol2 mol2 mol1 mol1
1469,mol1 mol6 mol1 mol1 mol1 mol5 mol2
1470,mol1 mol1 mol1 mol2 mol1 mol6 mol1 mol6
1471,mol1 mol1 mol2 mol6 mol1 mol1
1472,mol4 mol2
1473,mol5 mol2 mol2 mol1 mol2 mol1 mol6 mol1
1474,mol2 mol6 mol1 mol1 mol2 mol2 mol1
1475,mol6 mol1 mol2 mol1 mol6 mol2
1476,mol1 mol2 mol1 mol2 mol1
1477,mol6 mol6 mol1 mol1 mol5
1478,mol1 mol1 mol1 mol1 mol4 mol6 mol1 mol2
1479,mol3 mol1 mol1 mol2 mol6 mol2 mol1
1480,mol6 mol1 mol1 mol2 mol2 mol1 mol2 mol2
1481,mol1 mol1 mol1 mol7 mol4
1482,mol1 mol1 mol2 mol6 mol1 mol6 mol1
1483,mol2 mol1 mol2 mol1 mol2 mol2 mol1
1484,mol6 mol1 mol5 mol1 mol1 mol1 mol6 mol1
1485,mol1 mol4
1486,mol1 mol2 mol1
1487,mol4 mol4 mol6 mol6 mol1 mol1 mol2 mol1
1488,mol4 mol1 mol2 mol1 mol6 mol1
1489,mol1 mol1 mol1 mol1 mol2 mol1 mol2 mol5
1490,mol6 mol1 mol6 mol1 mol6 mol1 mol1
1491,mol1 mol6 mol1 mol6 mol1 mol6 mol2
1492,mol5 mol5 mol1 mol1 mol1 mol1 mol1 mol1
1493,mol1 mol2 mol1 mol2 mol1 mol2 mol2 mol6
1494,mol1 mol1 mol1 mol1 mol1 mol6 mol6 mol2
1495,mol6 mol1 mol1 mol6 mol1 mol6
1496,mol2 mol6 mol1 mol1 mol2 mol1 mol2 mol1
1497,mol1 mol1
1498,mol1 mol5 mol1 mol1 mol1 mol6 mol1
1499,mol6 mol1 mol2 mol1 mol1
1500,mol1 mol1 mol1 mol1 mol2 mol2 mol1 mol1
1501,mol2 mol1 mol2 mol1 mol2 mol2
1502,mol1 mol6 mol1 mol2 mol1 mol6 mol1 mol2
1503,mol1 mol1 mol1 mol1 mol3 mol5 mol2
1504,mol1 mol1 mol1 mol1 mol7 mol4 mol1
1505,mol2 mol1 mol1 mol1 mol2 mol2
1506,mol1 mol2 mol6 mol2 mol1 mol1 mol1 mol2
1507,mol5 mol1 mol6 mol1 mol1 mol1 mol5
1508,mol1 mol1 mol6 mol1 mol2 mol6 mol1 mol1
1509,mol2 mol1
1510,mol1 mol1 mol5 mol1 mol6 mol6 mol1
1511,mol1 mol1 mol4 mol1 mol2 mol1 mol1
1512,mol1 mol2 mol1 mol6 mol2 mol1
1513,mol2 mol1 mol6 mol6
1514,mol1 mol2 mol1 mol1 mol2 mol1 mol1 mol6
1515,mol1 mol1 mol5 mol1 mol1 mol6 mol1 mol6
1516,mol1 mol6 mol1 mol1 mol6 mol6 mol1
1517,mol1 mol1 mol6 mol1 mol2 mol1 mol6 mol1
1518,mol2 mol1 mol6 mol1 mol1 mol6
1519,mol8 mol2 mol2 mol2 mol8 mol2 mol2
1520,mol1 mol2 mol2 mol1 mol2 mol1
1521,mol1 mol5 mol2 mol2 mol1 mol2 mol1
1522,mol5 mol2 mol2 mol1 mol1 mol1
1523,mol1 mol1 mol1 mol1 mol6 mol6 mol1
1524,mol2 mol2 mol2 mol1 mol2 mol6
1525,mol5 mol2 mol2 mol1 mol1 mol1 mol1 mol1
1526,mol2 mol1 mol1 mol2 mol1 mol2 mol1 mol1
1527,mol1 mol6 mol1 mol6 mol1 mol1 mol1 mol1
1528,mol1 mol1 mol6 mol1 mol1
1529,mol1 mol6 mol1 mol1 mol1 mol1
1530,mol2 mol6 mol1 mol1 mol1 mol6
1531,mol5 mol2 mol2 mol1 mol1 mol6 mol1
1532,mol4 mol1 mol2 mol1 mol1 mol6 mol1 mol1
1533,mol6 mol1 mol1 mol6 mol1 mol2 mol1 mol1
1534,mol6 mol1 mol6
1535,mol6 mol6 mol2 mol1 mol1 mol1 mol5 mol2
1536,mol1 mol1 mol1 mol2 mol2 mol1 mol6 mol1
1537,mol6 mol1 mol1 mol6 mol1 mol6 mol1 mol6
1538,mol1 mol1 mol3 mol5 mol2 mol2
1539,mol1 mol6 mol1 mol2 mol1 mol6 mol1
1540,mol1 mol6 mol1 mol6 mol6 mol1 mol5 mol1
1541,mol6 mol1 mol1
1542,mol1 mol6 mol1 mol6 mol1 mol1 mol6 mol1
1543,mol3
1544,mol1 mol2 mol1 mol6 mol2
1545,mol1 mol2 mol6 mol1 mol1 mol1 mol6
1546,mol2 mol1 mol6 mol2 mol1 mol1
1547,mol5 mol1 mol2 mol1 mol1
1548,mol2 mol1 mol1 mol2 mol2 mol1
1549,mol5 mol1 mol1 mol6 mol1 mol2 mol6 mol1
1550,mol1 mol5 mol1 mol1 mol6 mol6
1551,mol1 mol2 mol1 mol2 mol5 mol2
1552,mol6 mol1 mol1 mol1 mol1 mol2 mol1 mol1
1553,mol1 mol1 mol1 mol6 mol1 mol2 mol1 mol1
1554,mol2 mol1 mol2 mol2 mol1 mol1 mol1 mol1
1555,mol2 mol1 mol1 mol1 mol5 mol2
1556,mol1 mol1 mol1 mol2 mol1 mol1 mol2
1557,mol1 mol1 mol2 mol1 mol1 mol1
1558,mol1 mol1 mol1 mol6 mol1 mol1 mol5
1559,mol1 mol6 mol5
1560,mol1 mol1 mol5 mol2 mol2 mol6 mol1 mol1
1561,mol1 mol1 mol1 mol2 mol1 mol2 mol5
1562,mol2 mol2 mol1 mol1 mol1 mol1 mol1 mol2
1563,mol1 mol6 mol1 mol2 mol6 mol1
1564,mol6 mol6 mol1 mol1 mol6 mol1 mol6
1565,mol1 mol1 mol2 mol1 mol6 mol1 mol2
1566,mol1 mol6 mol1 mol1 mol5 mol2
1567,mol1 mol2 mol1 mol6 mol6 mol1
1568,mol1 mol1 mol1 mol1 mol6 mol6 mol1 mol1
1569,mol1 mol1 mol1 mol1 mol1 mol1 mol1 mol6
1570,mol1 mol1 mol2 mol1 mol2 mol1 mol1 mol1
1571,mol1 mol1 mol1 mol1 mol4 mol4 mol4 mol4
1572,mol2 mol1 mol1 mol6 mol1
1573,mol6 mol1 mol1 mol2 mol6 mol1 mol1 mol1
1574,mol1 mol1 mol1 mol1 mol7 mol4
1575,mol6 mol6 mol1 mol1 mol1 mol6 mol1 mol1
1576,mol4 mol1 mol1 mol1 mol1 mol1 mol6
1577,mol1 mol2 mol6 mol1 mol1 mol2 mol2 mol1
1578,mol1 mol6 mol1 mol1 mol6 mol1 mol2 mol6
1579,mol6 mol1 mol1 mol2 mol1 mol1
1580,mol1 mol1 mol1 mol1 mol4
1581,mol6 mol1 mol2 mol5 mol6
1582,mol1 mol1 mol5 mol2 mol2 mol1 mol1 mol6
1583,mol1 mol1 mol3 mol1 mol1 mol2 mol6
1584,mol1 mol1 mol6 mol1 mol1 mol4 mol1
1585,mol1 mol1 mol7 mol4 mol6 mol1 mol1
1586,mol2 mol1 mol1 mol1 mol2 mol1 mol1
1587,mol6 mol1 mol6 mol1 mol1 mol2 mol8
1588,mol6 mol2 mol2 mol1 mol1 mol1
1589,mol1 mol1 mol1 mol1 mol1 mol1 mol3 mol1
1590,mol1 mol6 mol6 mol1 mol1 mol1 mol6 mol1
1591,mol1 mol1 mol6 mol1 mol6 mol1 mol1 mol1
1592,mol2 mol1 mol2 mol1 mol2 mol1 mol2
1593,mol6 mol1 mol5 mol1 mol1
1594,mol5 mol1 mol1 mol1
1595,mol1 mol1 mol1 mol6 mol1 mol1
1596,mol1 mol5 mol1 mol1 mol6 mol1 mol2
1597,mol6 mol1 mol2 mol1 mol6 mol1 mol1 mol6
1598,mol1 mol2 mol2 mol1 mol2 mol2 mol1
1599,mol4 mol1 mol2 mol1
1600,mol2 mol1 mol1 mol1 mol1 mol1 mol2 mol1
1601,mol2 mol6 mol1
1602,mol1 mol1 mol5 mol2 mol2 mol1 mol1
1603,mol1 mol1 mol1 mol1 mol1 mol2 mol6 mol1
1604,mol1 mol4 mol4 mol4 mol6 mol6 mol1 mol1
1605,mol1 mol6 mol6 mol1 mol2 mol1 mol2
1606,mol4 mol4 mol1 mol2 mol6 mol2 mol1
1607,mol1 mol2 mol1 mol1 mol6 mol1 mol1 mol1
1608,mol5 mol2 mol1 mol1 mol1 mol1 mol1 mol4
1609,mol2 mol2 mol1 mol6 mol1 mol2
1610,mol5 mol1 mol1 mol1 mol6 mol1 mol6
1611,mol6 mol6 mol1 mol1 mol1 mol6 mol1
1612,mol1 mol2 mol1 mol6 mol6
1613,mol1 mol2 mol1 mol6 mol1 mol2 mol1 mol1
1614,mol5 mol1 mol1 mol1 mol1 mol1 mol1 mol1
1615,mol2 mol6 mol1 mol1 mol2 mol2 mol1 mol1
1616,mol6 mol2 mol2 mol1 mol1 mol1 mol1 mol1
1617,mol1 mol6 mol1 mol2 mol1 mol6 mol1 mol1
1618,mol2 mol2 mol1 mol1 mol6 mol1
1619,mol1 mol1 mol6 mol1 mol2 mol2 mol1
1620,mol1 mol1 mol2 mol6 mol1 mol1 mol2
1621,mol1 mol4 mol4 mol6 mol2
1622,mol1 mol1 mol1 mol1 mol3 mol1 mol1
1623,mol1 mol1 mol6 mol5 mol2 mol2
1624,mol4 mol1 mol2 mol1 mol1 mol6
1625,mol1 mol2 mol1 mol6 mol6 mol1 mol1
1626,mol6 mol1 mol6 mol1 mol1 mol1 mol1
1627,mol2 mol1 mol6 mol1 mol6 mol1 mol1 mol6
1628,mol4 mol1
1629,mol2 mol1 mol2 mol2 mol1 mol2 mol1 mol1
1630,mol2 mol1 mol6 mol1
1631,mol1 mol1 mol1 mol6 mol2 mol1 mol2
1632,mol1 mol1 mol1 mol1 mol1 mol4 mol1 mol1
1633,mol1 mol2 mol2 mol1 mol6
1634,mol1 mol1 mol1 mol6 mol6 mol2 mol1
1635,mol1 mol5 mol2 mol2 mol1
1636,mol1 mol1 mol6 mol1 mol1 mol4
1637,mol6 mol1 mol2 mol2 mol1
1638,mol1 mol1 mol1 mol1 mol1 mol4
1639,mol1 mol5 mol1 mol6 mol6 mol1 mol2
1640,mol1 mol2 mol5 mol2
1641,mol6 mol1 mol6 mol1 mol1 mol2 mol1
1642,mol6 mol1 mol2 mol1 mol2 mol1 mol2 mol2
1643,mol1 mol7 mol4 mol6 mol1 mol1 mol1 mol1
1644,mol6 mol1 mol6 mol2 mol2 mol1
1645,mol1 mol2 mol6 mol1 mol2 mol1 mol1
1646,mol5 mol1 mol6 mol6 mol1 mol2 mol6
1647,mol1 mol1 mol1 mol1 mol2 mol6 mol1 mol2
1648,mol1 mol1 mol1 mol1 mol6 mol5
1649,mol1 mol1 mol1 mol1 mol1 mol2 mol1 mol2
1650,mol7 mol4 mol1 mol2
1651,mol6 mol1 mol2 mol1 mol2 mol2
1652,mol1 mol2 mol1 mol1 mol2 mol2
1653,mol2 mol2 mol2 mol2 mol2 mol1
1654,mol1 mol6 mol1 mol2 mol2
1655,mol1 mol1 mol1 mol4 mol6 mol1 mol2
1656,mol1 mol1 mol2 mol1 mol2 mol1 mol6 mol1
1657,mol1 mol1 mol6 mol1 mol2 mol1 mol1 mol1
1658,mol4 mol1 mol2 mol1 mol6 mol1 mol1
1659,mol1 mol1 mol2 mol1 mol6 mol6
1660,mol6 mol1 mol1 mol2 mol1
1661,mol6 mol6 mol1 mol1 mol5 mol1 mol1 mol6
1662,mol6 mol6 mol1 mol1 mol2 mol1
1663,mol5 mol5 mol1 mol1 mol1 mol1 mol1
1664,mol1 mol1 mol1 mol1 mol3 mol1
1665,mol5 mol2 mol2 mol1 mol1
1666,mol1 mol1 mol2 mol1 mol2 mol1 mol6
1667,mol6 mol2 mol2 mol1
1668,mol1 mol1 mol1 mol5
1669,mol4 mol4 mol4 mol6 mol6 mol1
1670,mol1 mol1 mol2 mol1 mol1 mol5 mol1 mol6
1671,mol6 mol1 mol6 mol1 mol1
1672,mol6 mol1 mol1 mol6 mol1 mol3
1673,mol1 mol1 mol1 mol1 mol4 mol2 mol4
1674,mol6 mol8
1675,mol1 mol6 mol8 mol2
1676,mol2 mol2 mol2 mol6 mol1
1677,mol6 mol1 mol6 mol1 mol6 mol2 mol2
1678,mol1 mol1 mol6 mol1 mol6
1679,mol7
1680,mol6 mol1 mol1 mol6 mol1 mol1 mol2
1681,mol1 mol1 mol1 mol4 mol4 mol4
1682,mol1 mol1 mol4 mol1 mol2 mol6 mol1 mol1
1683,mol7 mol4 mol6 mol1 mol1 mol1
1684,mol1 mol2 mol1 mol1 mol2 mol1 mol2 mol1
1685,mol1 mol1 mol2 mol1 mol6 mol1 mol6 mol1
1686,mol1 mol6 mol6 mol2 mol1 mol1
1687,mol1 mol1 mol6 mol1 mol1 mol5
1688,mol1 mol2 mol1 mol2 mol5 mol2 mol2 mol6
1689,mol2 mol2 mol6 mol1 mol2
1690,mol1 mol6 mol1 mol2 mol1 mol1 mol1
1691,mol1 mol1 mol1 mol1 mol6 mol1 mol2
1692,mol1 mol5 mol1 mol6 mol6 mol1
1693,mol2 mol2 mol1 mol1 mol1 mol1 mol2 mol1
1694,mol1 mol1 mol3
1695,mol1 mol1 mol6 mol5 mol2 mol2 mol1
1696,mol1 mol1 mol1 mol6 mol1 mol1 mol6 mol1
1697,mol1 mol6 mol1 mol1 mol1 mol5
1698,mol1 mol5 mol1 mol2 mol1
1699,mol1 mol4 mol2 mol4
1700,mol1 mol1 mol1 mol6 mol6 mol2
1701,mol4 mol6 mol6
1702,mol2 mol6 mol1 mol2 mol5 mol6
1703,mol1 mol1 mol4 mol1
1704,mol1 mol6 mol1 mol1 mol6 mol1 mol1 mol2
1705,mol5 mol2 mol1 mol1 mol1
1706,mol1 mol4 mol1 mol1
1707,mol1 mol1 mol1 mol7
1708,mol2 mol2 mol2 mol2 mol2 mol1 mol2 mol6
1709,mol1 mol1 mol1 mol1 mol2 mol2 mol2 mol2
1710,mol1 mol4 mol4 mol1 mol2
1711,mol1 mol6 mol6 mol1 mol1 mol6 mol1 mol6
1712,mol1 mol1 mol2 mol2 mol6 mol1 mol2
1713,mol1 mol6 mol1 mol1 mol4 mol1
1714,mol1 mol2 mol2 mol1 mol2 mol2
1715,mol2 mol6 mol2
1716,mol6 mol6 mol1 mol1 mol6 mol1
1717,mol2 mol2 mol1 mol2 mol2
1718,mol1 mol1 mol1 mol1 mol6 mol1 mol6 mol1
1719,mol1 mol1 mol1 mol6 mol1 mol2 mol1 mol6
1720,mol2 mol1 mol2 mol6 mol1 mol1 mol1 mol1
1721,mol1 mol2 mol1 mol2 mol1 mol2 mol1 mol1
1722,mol1 mol1 mol5 mol2 mol2 mol2
1723,mol2 mol2 mol8 mol2 mol2
1724,mol2 mol2 mol1 mol2 mol1 mol6 mol1 mol6
1725,mol1 mol1 mol1 mol5 mol2 mol1
1726,mol1 mol1 mol1 mol6 mol1 mol2 mol1 mol2
1727,mol1 mol1 mol1 mol5 mol2 mol1 mol1
1728,mol2 mol2 mol2 mol6
1729,mol2 mol6 mol1 mol2 mol1 mol1
1730,mol1 mol6 mol1 mol6 mol6 mol1 mol1
1731,mol1 mol1 mol1 mol2 mol6 mol1 mol2 mol6
1732,mol1 mol1 mol1
1733,mol1 mol1 mol1 mol4 mol1
1734,mol1 mol1 mol1 mol4 mol4 mol6 mol2 mol2
1735,mol1 mol1 mol1 mol1 mol1 mol5 mol2 mol1
1736,mol2 mol1 mol6 mol6 mol1 mol1 mol6 mol1
1737,mol2 mol2 mol6 mol1 mol2 mol1 mol1 mol1
1738,mol1 mol5 mol1 mol6 mol1 mol1 mol1 mol1
1739,mol2 mol2 mol2 mol2 mol2 mol2 mol1
1740,mol1 mol1 mol6 mol1 mol2 mol6 mol1 mol2
1741,mol1 mol6 mol1 mol1 mol6 mol1 mol6 mol1
1742,mol2 mol6 mol2 mol1 mol1 mol1 mol2
1743,mol1 mol2 mol8 mol2 mol2 mol2 mol8 mol2
1744,mol1 mol1 mol6 mol6 mol2
1745,mol1 mol6 mol1 mol6
1746,mol4 mol1 mol2 mol1 mol1
1747,mol4 mol4 mol4 mol4 mol4
1748,mol2 mol1 mol2 mol1 mol2 mol1 mol1
1749,mol1 mol2 mol2 mol1
1750,mol6 mol1 mol2 mol1 mol2 mol1 mol2
1751,mol4 mol4 mol6 mol6 mol1 mol1
1752,mol1 mol1 mol4 mol6 mol1 mol1
1753,mol1 mol2 mol6 mol1 mol2 mol5
1754,mol1 mol1 mol1 mol1 mol1 mol2 mol6
1755,mol1 mol6 mol2 mol1 mol2 mol6 mol1 mol1
1756,mol1 mol2 mol1 mol2 mol5 mol2 mol2
1757,mol2 mol1 mol2 mol1 mol1
1758,mol1 mol2 mol1 mol2 mol2 mol1 mol1 mol1
1759,mol1 mol1 mol1 mol2 mol1 mol6 mol1
1760,mol6 mol1 mol1 mol1 mol6 mol1 mol2 mol6
1761,mol6 mol1 mol2 mol1 mol6 mol1 mol2
1762,mol1 mol1 mol6 mol1 mol1 mol6 mol1 mol6
1763,mol2 mol1 mol6 mol2 mol1
1764,mol1 mol1 mol1 mol4 mol1 mol2 mol1
1765,mol1 mol1 mol1 mol1 mol6 mol6 mol1 mol2
1766,mol5 mol2 mol2 mol6 mol1 mol1 mol1 mol1
1767,mol2 mol1 mol2 mol2 mol6
1768,mol1 mol1 mol1 mol1 mol1 mol1 mol7
1769,mol2 mol2 mol2 mol2 mol2
1770,mol1 mol6 mol1 mol1
1771,mol1 mol2 mol2 mol1 mol2 mol1 mol2 mol1
1772,mol2 mol1 mol1 mol1 mol1 mol2 mol6
1773,mol1 mol1 mol1 mol4 mol4 mol6
1774,mol1 mol1 mol2 mol1 mol1 mol1 mol1 mol5
1775,mol1 mol1 mol1 mol6 mol1 mol6
1776,mol2 mol6 mol1 mol1 mol1 mol2
1777,mol6 mol1 mol1 mol2 mol8 mol2 mol2
1778,mol1 mol2 mol2 mol1 mol1
1779,mol6 mol1 mol1 mol5
1780,mol1 mol1 mol1 mol6
1781,mol1 mol2 mol1 mol6 mol1 mol1
1782,mol1 mol1 mol1 mol1 mol4 mol4
1783,mol1 mol1 mol4 mol4 mol4 mol4 mol4
1784,mol1 mol5 mol1 mol6
1785,mol1 mol1 mol5 mol2 mol2 mol1 mol2
1786,mol1 mol6 mol1 mol6 mol1 mol1 mol1
1787,mol5 mol2 mol2 mol1 mol1 mol6 mol1 mol1
1788,mol1 mol1 mol1 mol4 mol2 mol4
1789,mol6 mol6 mol2 mol1 mol1 mol1
1790,mol2 mol1 mol2 mol1 mol1 mol2 mol2 mol1
1791,mol6 mol1 mol1 mol6 mol1 mol2 mol6
1792,mol4 mol4 mol6 mol2
1793,mol1 mol1 mol1 mol1 mol7
1794,mol6 mol8 mol2 mol2 mol1 mol6
1795,mol2 mol2 mol1 mol1 mol6 mol1 mol1
1796,mol6 mol1 mol6 mol1 mol1 mol2 mol1 mol2
1797,mol2 mol5 mol6
1798,mol1 mol1 mol6 mol1 mol1 mol1 mol1 mol2
1799,mol1 mol7 mol4 mol1 mol2 mol6
1800,mol2 mol6 mol1 mol1 mol2 mol2
1801,mol1 mol2 mol1 mol1 mol1 mol1 mol2 mol6
1802,mol1 mol1 mol1 mol2 mol2 mol6 mol1
1803,mol1 mol1 mol1 mol1 mol1 mol1 mol2 mol1
1804,mol2 mol1 mol6 mol6 mol1
1805,mol1 mol1 mol2 mol1 mol2 mol3
1806,mol6 mol1 mol1 mol2 mol1 mol1 mol2 mol1
1807,mol1 mol2 mol6 mol1 mol2 mol6
1808,mol1 mol1 mol3 mol5 mol2 mol2 mol6 mol1
1809,mol1 mol1 mol1 mol6 mol6 mol1 mol1 mol1
1810,mol1 mol5 mol1 mol1 mol6 mol1 mol6
1811,mol6 mol1 mol1 mol1 mol2 mol6 mol1 mol1
1812,mol2 mol1 mol1 mol2 mol6
1813,mol1 mol1 mol6 mol1 mol1 mol1
1814,mol6 mol1 mol1 mol1 mol6 mol6
1815,mol2 mol1 mol1 mol1 mol1 mol1 mol1 mol6
1816,mol6 mol1 mol1 mol1 mol1 mol1 mol1
1817,mol6 mol1 mol6 mol6 mol1 mol1
1818,mol1 mol1 mol1 mol1 mol1 mol6 mol6 mol1
1819,mol1 mol1 mol5 mol2 mol1
1820,mol1 mol2 mol5 mol2 mol2 mol6
1821,mol1 mol1 mol1 mol1 mol2 mol1 mol6 mol1
1822,mol1 mol6 mol1 mol1 mol1 mol6 mol6 mol1
1823,mol1 mol6 mol1 mol1 mol6 mol1 mol2
1824,mol1 mol1 mol1 mol2 mol1 mol6 mol6
1825,mol1 mol1 mol4 mol1 mol2 mol1 mol6
1826,mol2 mol6 mol1 mol2 mol1 mol1 mol1
1827,mol1 mol1 mol1 mol6 mol5 mol2 mol2 mol1
1828,mol1 mol2 mol1 mol2 mol6 mol1
1829,mol1 mol4 mol4 mol4 mol6 mol6 mol1
1830,mol1 mol1 mol1 mol1 mol6 mol5 mol2
1831,mol1 mol1 mol6 mol1 mol6 mol6
1832,mol2 mol2 mol1 mol1
1833,mol1 mol2 mol1 mol1 mol1 mol1 mol6 mol1
1834,mol1 mol1 mol4 mol2 mol4
1835,mol2 mol1 mol1 mol1 mol2 mol1 mol1 mol2
1836,mol1 mol2 mol2 mol6
1837,mol1 mol1 mol2 mol1 mol6 mol1 mol6
1838,mol1 mol2 mol1 mol2 mol2 mol1
1839,mol2 mol1 mol1 mol2
1840,mol2 mol2 mol6 mol2
1841,mol1 mol1 mol1 mol1 mol6 mol6
1842,mol1 mol4 mol1 mol2 mol1 mol1
1843,mol2 mol2 mol1 mol1 mol1 mol1 mol2
1844,mol1 mol1 mol1 mol1 mol6 mol1 mol1 mol4
1845,mol1 mol4 mol6 mol1 mol2
1846,mol1 mol1 mol1 mol1 mol1 mol5 mol1 mol1
1847,mol1 mol1 mol1 mol6 mol1 mol1 mol2 mol1
1848,mol6 mol5 mol2 mol2
1849,mol6 mol1 mol6 mol2
1850,mol1 mol1 mol1 mol1 mol6
1851,mol1 mol1 mol1 mol3 mol5 mol2
1852,mol1 mol1 mol1 mol2 mol1 mol2 mol1 mol6
1853,mol1 mol2 mol1 mol2 mol2 mol6 mol2
1854,mol1 mol6 mol1 mol2 mol1 mol1 mol6
1855,mol1 mol1 mol6 mol1 mol1 mol5 mol2
1856,mol2 mol1 mol2 mol1 mol6 mol1 mol2
1857,mol2 mol6 mol1 mol6 mol1 mol1 mol6 mol6
1858,mol1 mol2 mol8 mol2 mol2
1859,mol5 mol1 mol6 mol6 mol1 mol2 mol6 mol1
1860,mol2 mol5 mol2 mol2 mol6
1861,mol6 mol6 mol1 mol2 mol6 mol1 mol1
1862,mol1 mol2 mol2 mol2 mol2 mol2
1863,mol6 mol8 mol2
1864,mol2 mol5 mol2 mol2
1865,mol6 mol1 mol1 mol5 mol1 mol1 mol6
1866,mol6 mol1 mol1 mol2 mol1 mol1 mol1 mol1
1867,mol1 mol1 mol2 mol1 mol1 mol1 mol1 mol6
1868,mol2 mol1 mol1 mol1 mol1 mol6 mol1 mol1
1869,mol6 mol1 mol4
1870,mol1 mol1 mol2 mol1 mol2 mol2 mol1 mol1
1871,mol1 mol6 mol6
1872,mol1 mol1 mol4 mol4 mol1 mol2 mol6 mol2
1873,mol2 mol2 mol2 mol2 mol1 mol2
1874,mol6 mol1 mol6 mol2 mol2
1875,mol1 mol1 mol1 mol1 mol1 mol1 mol3 mol5
1876,mol3 mol5 mol2
1877,mol2 mol1 mol1 mol1 mol2 mol1
1878,mol1 mol1 mol5 mol5 mol1 mol1 mol1 mol1
1879,mol1 mol1 mol6 mol1 mol6 mol6 mol1
1880,mol6 mol8 mol2 mol2 mol1 mol6 mol1
1881,mol1 mol1 mol1 mol4 mol4 mol6 mol2
1882,mol2 mol2 mol2 mol1 mol2 mol6 mol1 mol1
1883,mol2 mol1 mol2 mol1 mol1 mol1 mol2
1884,mol1 mol1 mol5 mol1 mol1 mol1 mol6
1885,mol1 mol6 mol1 mol2 mol6 mol1 mol2 mol1
1886,mol6 mol6 mol1 mol2 mol6
1887,mol1 mol5 mol1 mol2
1888,mol1 mol1 mol6
1889,mol1 mol1 mol6 mol2 mol1 mol1
1890,mol1 mol1 mol1 mol1 mol4 mol4 mol6 mol2
1891,mol6 mol5 mol2 mol2 mol1 mol1 mol6
1892,mol4 mol4 mol4 mol6 mol6 mol1 mol1 mol2
1893,mol6 mol1 mol6 mol1 mol1 mol1 mol2 mol6
1894,mol1 mol1 mol4 mol1 mol2 mol6
1895,mol1 mol1 mol1 mol3 mol1 mol1
1896,mol1 mol1 mol4 mol6 mol1 mol1 mol1 mol1
1897,mol1 mol1 mol2 mol2 mol2 mol6 mol1
1898,mol1 mol1 mol6 mol6 mol1 mol2
1899,mol1 mol1 mol5 mol1 mol6
1900,mol1 mol1 mol1 mol1 mol6 mol1 mol6 mol6
1901,mol1 mol1 mol5 mol2 mol1 mol1
1902,mol3 mol1 mol1 mol1 mol1 mol1 mol6
1903,mol1 mol1 mol1 mol2 mol6 mol1 mol6 mol1
1904,mol5 mol1 mol2 mol1 mol1 mol1
1905,mol1 mol6 mol1 mol2 mol1
1906,mol6 mol1 mol1 mol1 mol5
1907,mol1 mol1 mol2 mol2 mol2 mol1 mol2
1908,mol6 mol1 mol6 mol1 mol1 mol6 mol6
1909,mol1 mol1 mol2 mol1 mol2 mol1 mol2
1910,mol1 mol1 mol1 mol2
1911,mol1 mol1 mol1 mol4 mol1 mol2 mol1 mol6
1912,mol1 mol6 mol6 mol1 mol1 mol1 mol5 mol1
1913,mol1 mol1 mol2 mol1 mol1 mol1 mol2
1914,mol6 mol1 mol2 mol6 mol1 mol1
1915,mol1 mol1 mol2 mol2 mol2 mol1 mol2 mol1
1916,mol1 mol1 mol1 mol2 mol1
1917,mol1 mol1 mol2 mol1 mol2 mol5 mol2
1918,mol1 mol1 mol1 mol6 mol1 mol6 mol6 mol1
1919,mol1 mol2 mol1 mol1 mol1 mol2 mol1
1920,mol1 mol1 mol5 mol5 mol1 mol1
1921,mol1 mol3 mol5 mol2 mol2
1922,mol2 mol1 mol1 mol1 mol1 mol1 mol1 mol2
1923,mol1 mol1 mol1 mol1 mol4 mol6 mol1 mol1
1924,mol1 mol6 mol1 mol1 mol1 mol2 mol1 mol1
1925,mol1 mol2 mol6 mol1 mol2 mol6 mol1
1926,mol2 mol1 mol2 mol1 mol2
1927,mol6 mol6 mol1 mol6 mol1 mol1 mol1
1928,mol1 mol1 mol5 mol1 mol2
1929,mol1 mol1 mol6 mol8 mol2 mol2
1930,mol8 mol2 mol2 mol1 mol6 mol1 mol1
1931,mol1 mol3 mol1 mol1
1932,mol1 mol1 mol6 mol1 mol1 mol6 mol6
1933,mol6 mol8 mol2 mol2 mol1 mol6 mol1 mol1
1934,mol2 mol1 mol2 mol1 mol6 mol1 mol2 mol6
1935,mol2 mol1 mol2 mol5
1936,mol1 mol1 mol1 mol5 mol5 mol1
1937,mol1 mol4 mol4 mol6 mol2 mol2
1938,mol1 mol2 mol1 mol1 mol6 mol1 mol6 mol1
1939,mol2 mol1 mol6 mol1 mol2 mol6 mol1 mol1
1940,mol2 mol1 mol2 mol2 mol2 mol4
1941,mol2 mol6 mol1 mol6 mol1 mol1
1942,mol1 mol1 mol6 mol1 mol1 mol5 mol2 mol2
1943,mol1 mol6 mol1 mol2
1944,mol5 mol2 mol2 mol2
1945,mol2 mol1 mol1 mol1 mol1 mol1 mol2 mol2
1946,mol1 mol2 mol1 mol2 mol2 mol2 mol4
1947,mol1 mol1 mol5 mol1 mol6 mol6 mol1 mol2
1948,mol1 mol6 mol1 mol1 mol1 mol1 mol1
1949,mol2 mol1 mol1 mol1 mol1 mol5 mol5 mol1
1950,mol3 mol5 mol2 mol2 mol6 mol1 mol1
1951,mol2 mol1 mol2 mol3
1952,mol2 mol1 mol6 mol1 mol2 mol6
1953,mol5 mol2 mol1 mol1 mol1 mol1 mol1
1954,mol1 mol1 mol1 mol2 mol6 mol1 mol2 mol1
1955,mol1 mol6 mol1 mol1 mol2 mol8 mol2
1956,mol1 mol2 mol1 mol2 mol1 mol1 mol1 mol1
1957,mol6 mol1 mol1 mol1 mol2 mol6 mol1
1958,mol6 mol6 mol1 mol1 mol4
1959,mol6 mol1 mol1 mol1 mol1 mol1 mol1 mol4
1960,mol1 mol1 mol1 mol1 mol4 mol1 mol2 mol1
1961,mol1 mol1 mol1 mol1 mol4 mol1 mol2
1962,mol1 mol1 mol1 mol4 mol1 mol1 mol1
1963,mol1 mol2 mol1 mol2 mol2 mol2 mol8
1964,mol1 mol1 mol2 mol6
1965,mol1 mol2 mol1 mol2
1966,mol1 mol6 mol1 mol1 mol5 mol2 mol2 mol1
1967,mol1 mol5 mol2 mol1 mol1 mol1
1968,mol2 mol1 mol2 mol2 mol1 mol2 mol2
1969,mol6 mol1 mol1 mol5 mol1 mol2 mol1 mol1
1970,mol1 mol1 mol1 mol1 mol1 mol1 mol6 mol1
1971,mol2 mol1 mol1 mol1 mol1 mol5 mol1
1972,mol2 mol1 mol1 mol1 mol1
1973,mol1 mol1 mol1 mol1 mol6 mol1 mol1 mol2
1974,mol1 mol5 mol1 mol6 mol1
1975,mol1 mol1 mol3 mol1 mol1 mol2 mol6 mol2
1976,mol6 mol1 mol1 mol1 mol6 mol6 mol1
1977,mol6 mol1 mol1 mol1 mol6 mol1 mol2
1978,mol6 mol1 mol1 mol4 mol1 mol2
1979,mol6 mol5 mol2 mol2 mol1 mol1 mol6 mol1
1980,mol1 mol1 mol4 mol4 mol4 mol4
1981,mol1 mol1 mol1 mol6 mol1
1982,mol6 mol6
1983,mol6 mol1 mol2 mol6 mol1 mol2 mol1
1984,mol1 mol1 mol1 mol2 mol2 mol1 mol2
1985,mol1 mol1 mol1 mol1 mol1 mol7 mol4 mol6
1986,mol1 mol1 mol1 mol2 mol6 mol1
1987,mol1 mol6 mol6 mol1 mol5 mol1 mol1
1988,mol1 mol6 mol1 mol1 mol1 mol5 mol2 mol2
1989,mol1 mol1 mol1 mol4
1990,mol2 mol1 mol6 mol1 mol1 mol6 mol1 mol1
1991,mol1 mol1 mol2 mol1 mol2 mol2 mol1
1992,mol1 mol2 mol1 mol1 mol5 mol1 mol6 mol1
1993,mol4 mol4 mol4 mol6 mol6 mol1 mol1
1994,mol1 mol6 mol1 mol1 mol2 mol8 mol2 mol2
1995,mol5 mol2 mol1 mol1
1996,mol4
1997,mol5 mol5 mol1 mol1 mol1 mol1
1998,mol1 mol6 mol2
1999,CBLB
2000,NUP214
2001,FCGR2B
2002,FLNA
2003,SNX29
2004,LYN
2005,SS18
2006,TNC
2007,PRKAR1A
2008,NOTCH1
2009,BMP5
2010,STAT6
2011,TNFAIP3
2012,PBRM1
2013,SEPT9
2014,TNFRSF17
2015,FGFR4
2016,ECT2L
2017,SPEN
2018,CARD11
2019,NDRG1
2020,ARAF
2021,SEPT6
2022,HEY1
2023,ZMYM3
2024,CREB3L2
2025,SET
2026,EIF1AX
2027,PDGFRA
2028,JAK2
2029,ELN
2030,GRM3
2031,LMNA
2032,KMT2D
2033,CYSLTR2
2034,ELK4
2035,SETDB1
2036,FBXW7
2037,AXIN2
2038,PDCD1LG2
2039,MAML2
2040,IL21R
2041,LZTR1
2042,COX6C
2043,CD79A
2044,ATRX
2045,BTK
2046,STAT5B
2047,TFPT
2048,MAP2K4
2049,CEP89
2050,KRAS
2051,GPHN
2052,TRIP11
2053,KLK2
2054,LPP
2055,PRCC
2056,FANCD2
2057,MEN1
2058,HOXA9
2059,FBLN2
2060,WAS
2061,FGFR1OP
2062,CIC
2063,FOXA1
2064,PRRX1
2065,FOXO1
2066,RAD51B
2067,SF3B1
2068,CLTCL1
2069,PMS1
2070,ETV4
2071,KDM6A
2072,MYB
2073,NFKB2
2074,ETV1
2075,KCNJ5
2076,IL2
2077,FOXR1
2078,MAF
2079,PALB2
2080,RB1
2081,PBX1
2082,TMEM127
2083,U2AF1
2084,ABI1
2085,ATIC
2086,TFRC
2087,DGCR8
2088,EXT1
2089,LASP1
2090,PTPN13
2091,MSH2
2092,BMPR1A
2093,CNBP
2094,EED
2095,LRP1B
2096,FLI1
2097,HLA-A
2098,CCR7
2099,LEPROTL1
2100,CDC73
2101,MAP3K13
2102,NACA
2103,IKBKB
2104,NUMA1
2105,ID3
2106,NF1
2107,KIF5B
2108,HIST1H4I
2109,DNM2
2110,EZR
2111,BARD1
2112,MNX1
2113,MTOR
2114,CASP3
2115,TOP1
2116,HMGA1
2117,MYO5A
2118,CLTC
2119,ACVR2A
2120,DNAJB1
2121,CD79B
2122,EPHA7
2123,MLH1
2124,SDC4
2125,SKI
2126,FAM135B
2127,GATA2
2128,MLF1
2129,KAT6B
2130,PTPRC
2131,BCL10
2132,PML
2133,ERCC3
2134,NONO
2135,ATM
2136,FANCF
2137,HOXC11
2138,SH2B3
2139,CBLC
2140,H3F3A
2141,FBXO11
2142,GLI1
2143,NCOA1
2144,PDGFB
2145,TBL1XR1
2146,TSHR
2147,EXT2
2148,BAZ1A
2149,POU2AF1
2150,PPP6C
2151,CTNND1
2152,TPM3
2153,ERBB3
2154,JUN
2155,ZNRF3
2156,TENT5C
2157,NF2
2158,DCAF12L2
2159,KAT7
2160,USP6
2161,PRDM2
2162,TRIM24
2163,PAFAH1B2
2164,CREBBP
2165,LATS1
2166,STIL
2167,LIFR
2168,ZFHX3
2169,TFEB
2170,NFKBIE
2171,LARP4B
2172,COL3A1
2173,CREB3L1
2174,RHOH
2175,MB21D2
2176,HSP90AB1
2177,RNF43
2178,ARID1A
2179,CARS
2180,AMER1
2181,PTPRK
2182,ERC1
2183,RARA
2184,IDH2
2185,SH3GL1
2186,ARHGAP5
2187,GNA11
2188,DCC
2189,MYH9
2190,TET2
2191,CBFA2T3
2192,IKZF1
2193,SUZ12
2194,FANCC
2195,OMD
2196,RHOA
2197,MAX
2198,SMAD4
2199,CTCF
2200,TET1
2201,ZEB1
2202,ARID1B
2203,MLLT3
2204,SETBP1
2205,BRAF
2206,PTPN6
2207,RMI2
2208,PRF1
2209,ROS1
2210,FUBP1
2211,NFIB
2212,NCKIPSD
2213,BCL3
2214,NPM1
2215,DDX6
2216,SMC1A
2217,ZNF521
2218,CCNC
2219,REL
2220,EP300
2221,ELL
2222,PREX2
2223,PPP2R1A
2224,PTPRT
2225,ERCC5
2226,CSF3R
2227,MLLT10
2228,FGFR1
2229,GATA1
2230,MITF
2231,SMARCB1
2232,SRC
2233,FOXP1
2234,SMARCD1
2235,RPN1
2236,PWWP2A
2237,USP44
2238,SRSF2
2239,FAM47C
2240,KLF6
2241,RBM15
2242,NTRK1
2243,HOOK3
2244,XPO1
2245,SYK
2246,KNSTRN
2247,ARHGEF12
2248,NSD1
2249,DDIT3
2250,PLAG1
2251,CLP1
2252,PRKCB
2253,ALK
2254,PTPRB
2255,SMARCA4
2256,BCR
2257,STAT3
2258,TNFRSF14
2259,MPL
2260,SDHC
2261,B2M
2262,ERG
2263,VHL
2264,PCBP1
2265,FIP1L1
2266,PRDM1
2267,TAF15
2268,NTHL1
2269,ARID2
2270,MET
2271,KEAP1
2272,RUNX1
2273,HIP1
2274,FOXO4
2275,EPAS1
2276,BCORL1
2277,CD74
2278,GPC3
2279,SIX2
2280,CRTC1
2281,TP53
2282,RAP1GDS1
2283,NRG1
2284,STAG2
2285,MUC1
2286,FANCE
2287,BIRC6
2288,MAFB
2289,RECQL4
2290,NAB2
2291,ATP2B3
2292,BIRC3
2293,CXCR4
2294,BCL2L12
2295,RBM10
2296,USP9X
2297,CIITA
2298,BTG2
2299,PATZ1
2300,TLX3
2301,MUC16
2302,THRAP3
2303,SSX1
2304,ACSL6
2305,CASP8
2306,ETV6
2307,FAT1
2308,POT1
2309,TSC1
2310,RNF213
2311,A1CF
2312,MACC1
2313,KDR
2314,ELF4
2315,MAP3K1
2316,CSF1R
2317,MYCN
2318,SEPT5
2319,MSN
2320,ALDH2
2321,PLCG1
2322,TGFBR2
2323,CBL
2324,MUTYH
2325,ERBB2
2326,NUP98
2327,TBX3
2328,DEK
2329,STK11
2330,DROSHA
2331,PHOX2B
2332,CCND1
2333,CNBD1
2334,PRDM16
2335,NR4A3
2336,FANCG
2337,CCND2
2338,CAMTA1
2339,RPL22
2340,SUFU
2341,ACSL3
2342,ZCCHC8
2343,FHIT
2344,FGFR3
2345,ERCC4
2346,AKT2
2347,GAS7
2348,FCRL4
2349,FES
2350,DDX10
2351,RAD21
2352,RABEP1
2353,CNTNAP2
2354,CDK4
2355,PMS2
2356,ASXL1
2357,TPM4
2358,BCL11B
2359,PRKACA
2360,MSI2
2361,CTNNB1
2362,BRD3
2363,ELF3
2364,BCL2
2365,PPARG
2366,LCK
2367,UBR5
2368,EWSR1
2369,MUC4
2370,PIK3R1
2371,ZNF384
2372,KDSR
2373,TPR
2374,MED12
2375,TRRAP
2376,EBF1
2377,TLX1
2378,ETV5
2379,IL6ST
2380,MDM2
2381,MSH6
2382,SMARCE1
2383,ASPSCR1
2384,BCL7A
2385,CDKN2C
2386,HRAS
2387,RGS7
2388,WWTR1
2389,AFF1
2390,SOCS1
2391,NCOR1
2392,FAM131B
2393,EPHA3
2394,GNAS
2395,SALL4
2396,COL1A1
2397,SDHA
2398,XPA
2399,NIN
2400,FLT3
2401,JAK1
2402,CDK12
2403,BCL9L
2404,CTNNA2
2405,POLG
2406,DDR2
2407,TCL1A
2408,FH
2409,TRIM27
2410,BRCA1
2411,KLF4
2412,PAX3
2413,WT1
2414,CRLF2
2415,RUNX1T1
2416,PAX7
2417,NCOA2
2418,DAXX
2419,EIF3E
2420,AKT1
2421,LMO2
2422,HOXA11
2423,TFE3
2424,EIF4A2
2425,WNK2
2426,ZNF331
2427,CHIC2
2428,ARHGEF10L
2429,MAPK1
2430,CD209
2431,CLIP1
2432,MYCL
2433,BLM
2434,MGMT
2435,XPC
2436,BCL11A
2437,CUL3
2438,ASXL2
2439,CDKN1B
2440,MAP2K2
2441,AKAP9
2442,CREB1
2443,CDKN2A
2444,TAL2
2445,MLLT1
2446,APOBEC3B
2447,DNMT3A
2448,DICER1
2449,DDB2
2450,TP63
2451,CCNE1
2452,CDH11
2453,SETD1B
2454,KIAA1549
2455,CNTRL
2456,MLLT6
2457,LMO1
2458,CACNA1D
2459,CPEB3
2460,HNF1A
2461,CDH17
2462,PTPRD
2463,ARHGEF10
2464,MALT1
2465,TRAF7
2466,COL2A1
2467,ITGAV
2468,NBEA
2469,SFPQ
2470,ISX
2471,SIX1
2472,ZBTB16
2473,TCF7L2
2474,FEV
2475,DDX3X
2476,PICALM
2477,NTRK3
2478,SPOP
2479,CD28
2480,TMPRSS2
2481,ARHGAP26
2482,MDM4
2483,P2RY8
2484,FUS
2485,AKT3
2486,ABL1
2487,IDH1
2488,GPC5
2489,TFG
2490,PAX5
2491,FLT4
2492,EGFR
2493,CHST11
2494,IGF2BP2
2495,TSC2
2496,VTI1A
2497,HSP90AA1
2498,PHF6
2499,ARHGAP35
2500,EML4
2501,NOTCH2
2502,RAD17
2503,ESR1
2504,CCNB1IP1
2505,BCL9
2506,EZH2
2507,BAP1
2508,POLD1
2509,MYC
2510,NRAS
2511,CHEK2
2512,CCND3
2513,SFRP4
2514,PPFIBP1
2515,NT5C2
2516,RET
2517,HOXA13
2518,PTCH1
2519,TCF12
2520,WRN
2521,MYD88
2522,MAP2K1
2523,CCDC6
2524,POLE
2525,PTK6
2526,ZNF429
2527,FANCA
2528,ITK
2529,TRIM33
2530,FNBP1
2531,FAT4
2532,SOX21
2533,IKZF3
2534,BAX
2535,JAK3
2536,ARNT
2537,N4BP2
2538,MLLT11
2539,LYL1
2540,PPM1D
2541,IRS4
2542,HOXD13
2543,GOPC
2544,HOXC13
2545,CHCHD7
2546,CDH10
2547,USP8
2548,MYOD1
2549,HMGA2
2550,CDX2
2551,SND1
2552,S100A7
2553,GATA3
2554,SLC45A3
2555,SS18L1
2556,CHD2
2557,CDK6
2558,QKI
2559,TEC
2560,LATS2
2561,FAT3
2562,CRNKL1
2563,BCLAF1
2564,PDGFRB
2565,DDX5
2566,SMAD2
2567,RALGDS
2568,HIST1H3B
2569,PRPF40B
2570,KAT6A
2571,KDM5C
2572,NFATC2
2573,PAX8
2574,OLIG2
2575,CSMD3
2576,ACVR1
2577,CBFB
2578,ZRSR2
2579,SBDS
2580,PTPN11
2581,SIRPA
2582,VAV1
2583,SMAD3
2584,AFF3
2585,PSIP1
2586,RSPO2
2587,GNAQ
2588,PTEN
2589,H3F3B
2590,ETNK1
2591,LSM14A
2592,POU5F1
2593,TERT
2594,ERBB4
2595,RANBP2
2596,PIK3CB
2597,KIT
2598,NFE2L2
2599,FGFR2
2600,MECOM
2601,KDM5A
2602,NCOR2
2603,BRD4
2604,WIF1
2605,SDHB
2606,PIK3CA
2607,CRTC3
2608,GRIN2A
2609,STRN
2610,FOXL2
2611,FOXO3
2612,RFWD3
2613,SGK1
2614,AXIN1
2615,SLC34A2
2616,GOLGA5
2617,LEF1
2618,CALR
2619,CHD4
2620,CD274
2621,PDE4DIP
2622,MYH11
2623,SETD2
2624,LRIG3
2625,CYP2C8
2626,AFF4
2627,CNOT3
2628,BCL6
2629,RPL5
2630,BCOR
2631,CANT1
2632,CUX1
2633,ERCC2
2634,SRGAP3
2635,CTNND2
2636,KTN1
2637,YWHAE
2638,EPS15
2639,IRF4
2640,ZNF479
2641,HERPUD1
2642,FSTL3
2643,HNRNPA2B1
2644,ZMYM2
2645,JAZF1
2646,IL7R
2647,LHFPL6
2648,TAL1
2649,ABL2
2650,ANK1
2651,MN1
2652,CASP9
2653,CYLD
2654,ROBO2
2655,ATP1A1
